date,name,name_jp,npatients,ncurrentpatients,nexits,ndeaths
2020-03-18,Hokkaido,北海道,153,77,69.0,7.0
2020-03-18,Aomori,青森県,0,0,0.0,0.0
2020-03-18,Iwate,岩手県,0,0,0.0,0.0
2020-03-18,Miyagi,宮城県,1,0,1.0,0.0
2020-03-18,Akita,秋田県,1,0,1.0,0.0
2020-03-18,Yamagata,山形県,0,0,0.0,0.0
2020-03-18,Fukushima,福島県,2,2,0.0,0.0
2020-03-18,Ibaraki,茨城県,2,2,0.0,0.0
2020-03-18,Tochigi,栃木県,3,1,2.0,0.0
2020-03-18,Gunma,群馬県,10,10,0.0,0.0
2020-03-18,Saitama,埼玉県,32,28,4.0,0.0
2020-03-18,Chiba,千葉県,31,22,9.0,0.0
2020-03-18,Tokyo,東京都,105,80,23.0,2.0
2020-03-18,Kanagawa,神奈川県,52,42,6.0,4.0
2020-03-18,Niigata,新潟県,17,16,1.0,0.0
2020-03-18,Toyama,富山県,0,0,0.0,0.0
2020-03-18,Ishikawa,石川県,5,4,1.0,0.0
2020-03-18,Fukui,福井県,1,1,0.0,0.0
2020-03-18,Yamanashi,山梨県,2,2,0.0,0.0
2020-03-18,Nagano,長野県,3,3,0.0,0.0
2020-03-18,Gifu,岐阜県,3,2,1.0,0.0
2020-03-18,Shizuoka,静岡県,3,2,1.0,0.0
2020-03-18,Aichi,愛知県,123,106,3.0,14.0
2020-03-18,Mie,三重県,5,4,1.0,0.0
2020-03-18,Shiga,滋賀県,4,4,0.0,0.0
2020-03-18,Kyoto,京都府,17,11,6.0,0.0
2020-03-18,Osaka,大阪府,100,78,22.0,0.0
2020-03-18,Hyogo,兵庫県,69,66,0.0,3.0
2020-03-18,Nara,奈良県,4,2,2.0,0.0
2020-03-18,Wakayama,和歌山県,13,4,8.0,1.0
2020-03-18,Tottori,鳥取県,0,0,0.0,0.0
2020-03-18,Shimane,島根県,0,0,0.0,0.0
2020-03-18,Okayama,岡山県,0,0,0.0,0.0
2020-03-18,Hiroshima,広島県,1,0,1.0,0.0
2020-03-18,Yamaguchi,山口県,1,1,0.0,0.0
2020-03-18,Tokushima,徳島県,0,0,0.0,0.0
2020-03-18,Kagawa,香川県,1,1,0.0,0.0
2020-03-18,Eihime,愛媛県,2,1,1.0,0.0
2020-03-18,Kochi,高知県,11,5,6.0,0.0
2020-03-18,Fukuoka,福岡県,4,3,1.0,0.0
2020-03-18,Saga,佐賀県,1,1,0.0,0.0
2020-03-18,Nagasaki,長崎県,0,0,0.0,0.0
2020-03-18,Kumamoto,熊本県,5,5,0.0,0.0
2020-03-18,Oita,大分県,1,0,1.0,0.0
2020-03-18,Miyazaki,宮崎県,3,3,0.0,0.0
2020-03-18,Kagoshima,鹿児島県,0,0,0.0,0.0
2020-03-18,Okinawa,沖縄県,3,1,2.0,0.0
2020-03-19,Hokkaido,北海道,156,80,69.0,7.0
2020-03-19,Aomori,青森県,0,0,0.0,0.0
2020-03-19,Iwate,岩手県,0,0,0.0,0.0
2020-03-19,Miyagi,宮城県,1,0,1.0,0.0
2020-03-19,Akita,秋田県,1,0,1.0,0.0
2020-03-19,Yamagata,山形県,0,0,0.0,0.0
2020-03-19,Fukushima,福島県,2,2,0.0,0.0
2020-03-19,Ibaraki,茨城県,3,3,0.0,0.0
2020-03-19,Tochigi,栃木県,3,1,2.0,0.0
2020-03-19,Gunma,群馬県,10,10,0.0,0.0
2020-03-19,Saitama,埼玉県,36,32,4.0,0.0
2020-03-19,Chiba,千葉県,34,25,9.0,0.0
2020-03-19,Tokyo,東京都,112,86,24.0,2.0
2020-03-19,Kanagawa,神奈川県,57,47,6.0,4.0
2020-03-19,Niigata,新潟県,17,16,1.0,0.0
2020-03-19,Toyama,富山県,0,0,0.0,0.0
2020-03-19,Ishikawa,石川県,5,3,2.0,0.0
2020-03-19,Fukui,福井県,1,1,0.0,0.0
2020-03-19,Yamanashi,山梨県,2,2,0.0,0.0
2020-03-19,Nagano,長野県,3,3,0.0,0.0
2020-03-19,Gifu,岐阜県,3,2,1.0,0.0
2020-03-19,Shizuoka,静岡県,3,2,1.0,0.0
2020-03-19,Aichi,愛知県,127,110,3.0,14.0
2020-03-19,Mie,三重県,6,5,1.0,0.0
2020-03-19,Shiga,滋賀県,4,4,0.0,0.0
2020-03-19,Kyoto,京都府,17,11,6.0,0.0
2020-03-19,Osaka,大阪府,102,79,22.0,1.0
2020-03-19,Hyogo,兵庫県,69,64,1.0,4.0
2020-03-19,Nara,奈良県,4,2,2.0,0.0
2020-03-19,Wakayama,和歌山県,14,5,8.0,1.0
2020-03-19,Tottori,鳥取県,0,0,0.0,0.0
2020-03-19,Shimane,島根県,0,0,0.0,0.0
2020-03-19,Okayama,岡山県,0,0,0.0,0.0
2020-03-19,Hiroshima,広島県,1,0,1.0,0.0
2020-03-19,Yamaguchi,山口県,1,1,0.0,0.0
2020-03-19,Tokushima,徳島県,0,0,0.0,0.0
2020-03-19,Kagawa,香川県,1,1,0.0,0.0
2020-03-19,Eihime,愛媛県,2,1,1.0,0.0
2020-03-19,Kochi,高知県,11,0,11.0,0.0
2020-03-19,Fukuoka,福岡県,5,3,2.0,0.0
2020-03-19,Saga,佐賀県,1,1,0.0,0.0
2020-03-19,Nagasaki,長崎県,0,0,0.0,0.0
2020-03-19,Kumamoto,熊本県,6,6,0.0,0.0
2020-03-19,Oita,大分県,3,2,1.0,0.0
2020-03-19,Miyazaki,宮崎県,3,3,0.0,0.0
2020-03-19,Kagoshima,鹿児島県,0,0,0.0,0.0
2020-03-19,Okinawa,沖縄県,3,1,2.0,0.0
2020-03-20,Hokkaido,北海道,157,82,69.0,6.0
2020-03-20,Aomori,青森県,0,0,0.0,0.0
2020-03-20,Iwate,岩手県,0,0,0.0,0.0
2020-03-20,Miyagi,宮城県,1,0,1.0,0.0
2020-03-20,Akita,秋田県,1,0,1.0,0.0
2020-03-20,Yamagata,山形県,0,0,0.0,0.0
2020-03-20,Fukushima,福島県,2,2,0.0,0.0
2020-03-20,Ibaraki,茨城県,3,3,0.0,0.0
2020-03-20,Tochigi,栃木県,3,2,1.0,0.0
2020-03-20,Gunma,群馬県,11,11,0.0,0.0
2020-03-20,Saitama,埼玉県,38,32,6.0,0.0
2020-03-20,Chiba,千葉県,39,27,12.0,0.0
2020-03-20,Tokyo,東京都,123,96,24.0,3.0
2020-03-20,Kanagawa,神奈川県,58,48,6.0,4.0
2020-03-20,Niigata,新潟県,17,16,1.0,0.0
2020-03-20,Toyama,富山県,0,0,0.0,0.0
2020-03-20,Ishikawa,石川県,6,4,2.0,0.0
2020-03-20,Fukui,福井県,1,1,0.0,0.0
2020-03-20,Yamanashi,山梨県,2,2,0.0,0.0
2020-03-20,Nagano,長野県,3,2,1.0,0.0
2020-03-20,Gifu,岐阜県,3,2,1.0,0.0
2020-03-20,Shizuoka,静岡県,3,2,1.0,0.0
2020-03-20,Aichi,愛知県,130,111,3.0,16.0
2020-03-20,Mie,三重県,6,5,1.0,0.0
2020-03-20,Shiga,滋賀県,4,4,0.0,0.0
2020-03-20,Kyoto,京都府,18,12,6.0,0.0
2020-03-20,Osaka,大阪府,106,83,22.0,1.0
2020-03-20,Hyogo,兵庫県,76,71,1.0,4.0
2020-03-20,Nara,奈良県,4,2,2.0,0.0
2020-03-20,Wakayama,和歌山県,15,6,8.0,1.0
2020-03-20,Tottori,鳥取県,0,0,0.0,0.0
2020-03-20,Shimane,島根県,0,0,0.0,0.0
2020-03-20,Okayama,岡山県,0,0,0.0,0.0
2020-03-20,Hiroshima,広島県,2,1,1.0,0.0
2020-03-20,Yamaguchi,山口県,1,1,0.0,0.0
2020-03-20,Tokushima,徳島県,0,0,0.0,0.0
2020-03-20,Kagawa,香川県,1,1,0.0,0.0
2020-03-20,Eihime,愛媛県,2,1,1.0,0.0
2020-03-20,Kochi,高知県,11,0,11.0,0.0
2020-03-20,Fukuoka,福岡県,5,3,2.0,0.0
2020-03-20,Saga,佐賀県,1,1,0.0,0.0
2020-03-20,Nagasaki,長崎県,0,0,0.0,0.0
2020-03-20,Kumamoto,熊本県,6,6,0.0,0.0
2020-03-20,Oita,大分県,6,5,1.0,0.0
2020-03-20,Miyazaki,宮崎県,3,3,0.0,0.0
2020-03-20,Kagoshima,鹿児島県,0,0,0.0,0.0
2020-03-20,Okinawa,沖縄県,3,1,2.0,0.0
2020-03-21,Hokkaido,北海道,158,71,81.0,6.0
2020-03-21,Aomori,青森県,0,0,0.0,0.0
2020-03-21,Iwate,岩手県,0,0,0.0,0.0
2020-03-21,Miyagi,宮城県,1,0,1.0,0.0
2020-03-21,Akita,秋田県,1,0,1.0,0.0
2020-03-21,Yamagata,山形県,0,0,0.0,0.0
2020-03-21,Fukushima,福島県,2,2,0.0,0.0
2020-03-21,Ibaraki,茨城県,3,3,0.0,0.0
2020-03-21,Tochigi,栃木県,4,3,1.0,0.0
2020-03-21,Gunma,群馬県,11,11,0.0,0.0
2020-03-21,Saitama,埼玉県,41,34,7.0,0.0
2020-03-21,Chiba,千葉県,40,26,14.0,0.0
2020-03-21,Tokyo,東京都,130,101,25.0,4.0
2020-03-21,Kanagawa,神奈川県,61,45,12.0,4.0
2020-03-21,Niigata,新潟県,22,20,2.0,0.0
2020-03-21,Toyama,富山県,0,0,0.0,0.0
2020-03-21,Ishikawa,石川県,6,3,3.0,0.0
2020-03-21,Fukui,福井県,1,1,0.0,0.0
2020-03-21,Yamanashi,山梨県,2,2,0.0,0.0
2020-03-21,Nagano,長野県,3,2,1.0,0.0
2020-03-21,Gifu,岐阜県,3,2,1.0,0.0
2020-03-21,Shizuoka,静岡県,3,2,1.0,0.0
2020-03-21,Aichi,愛知県,132,108,8.0,16.0
2020-03-21,Mie,三重県,6,5,1.0,0.0
2020-03-21,Shiga,滋賀県,4,4,0.0,0.0
2020-03-21,Kyoto,京都府,19,12,7.0,0.0
2020-03-21,Osaka,大阪府,108,81,26.0,1.0
2020-03-21,Hyogo,兵庫県,81,75,2.0,4.0
2020-03-21,Nara,奈良県,4,2,2.0,0.0
2020-03-21,Wakayama,和歌山県,15,5,9.0,1.0
2020-03-21,Tottori,鳥取県,0,0,0.0,0.0
2020-03-21,Shimane,島根県,0,0,0.0,0.0
2020-03-21,Okayama,岡山県,0,0,0.0,0.0
2020-03-21,Hiroshima,広島県,2,1,1.0,0.0
2020-03-21,Yamaguchi,山口県,1,1,0.0,0.0
2020-03-21,Tokushima,徳島県,0,0,0.0,0.0
2020-03-21,Kagawa,香川県,1,1,0.0,0.0
2020-03-21,Eihime,愛媛県,2,1,1.0,0.0
2020-03-21,Kochi,高知県,11,0,11.0,0.0
2020-03-21,Fukuoka,福岡県,5,3,2.0,0.0
2020-03-21,Saga,佐賀県,1,1,0.0,0.0
2020-03-21,Nagasaki,長崎県,0,0,0.0,0.0
2020-03-21,Kumamoto,熊本県,6,5,1.0,0.0
2020-03-21,Oita,大分県,11,10,1.0,0.0
2020-03-21,Miyazaki,宮崎県,3,3,0.0,0.0
2020-03-21,Kagoshima,鹿児島県,0,0,0.0,0.0
2020-03-21,Okinawa,沖縄県,3,1,2.0,0.0
2020-03-22,Hokkaido,北海道,161,72,83.0,6.0
2020-03-22,Aomori,青森県,0,0,0.0,0.0
2020-03-22,Iwate,岩手県,0,0,0.0,0.0
2020-03-22,Miyagi,宮城県,1,0,1.0,0.0
2020-03-22,Akita,秋田県,1,0,1.0,0.0
2020-03-22,Yamagata,山形県,0,0,0.0,0.0
2020-03-22,Fukushima,福島県,2,2,0.0,0.0
2020-03-22,Ibaraki,茨城県,3,3,0.0,0.0
2020-03-22,Tochigi,栃木県,4,2,2.0,0.0
2020-03-22,Gunma,群馬県,11,10,0.0,1.0
2020-03-22,Saitama,埼玉県,45,34,10.0,1.0
2020-03-22,Chiba,千葉県,42,27,15.0,0.0
2020-03-22,Tokyo,東京都,132,103,25.0,4.0
2020-03-22,Kanagawa,神奈川県,67,49,14.0,4.0
2020-03-22,Niigata,新潟県,22,19,3.0,0.0
2020-03-22,Toyama,富山県,0,0,0.0,0.0
2020-03-22,Ishikawa,石川県,6,3,3.0,0.0
2020-03-22,Fukui,福井県,1,1,0.0,0.0
2020-03-22,Yamanashi,山梨県,2,1,1.0,0.0
2020-03-22,Nagano,長野県,3,2,1.0,0.0
2020-03-22,Gifu,岐阜県,5,4,1.0,0.0
2020-03-22,Shizuoka,静岡県,3,2,1.0,0.0
2020-03-22,Aichi,愛知県,134,111,8.0,16.0
2020-03-22,Mie,三重県,6,4,2.0,0.0
2020-03-22,Shiga,滋賀県,4,4,0.0,0.0
2020-03-22,Kyoto,京都府,20,13,7.0,0.0
2020-03-22,Osaka,大阪府,113,85,26.0,2.0
2020-03-22,Hyogo,兵庫県,83,76,2.0,6.0
2020-03-22,Nara,奈良県,5,3,2.0,0.0
2020-03-22,Wakayama,和歌山県,15,5,9.0,1.0
2020-03-22,Tottori,鳥取県,0,0,0.0,0.0
2020-03-22,Shimane,島根県,0,0,0.0,0.0
2020-03-22,Okayama,岡山県,1,1,0.0,0.0
2020-03-22,Hiroshima,広島県,3,2,1.0,0.0
2020-03-22,Yamaguchi,山口県,2,2,0.0,0.0
2020-03-22,Tokushima,徳島県,0,0,0.0,0.0
2020-03-22,Kagawa,香川県,1,1,0.0,0.0
2020-03-22,Eihime,愛媛県,2,1,1.0,0.0
2020-03-22,Kochi,高知県,11,0,11.0,0.0
2020-03-22,Fukuoka,福岡県,5,3,2.0,0.0
2020-03-22,Saga,佐賀県,1,1,0.0,0.0
2020-03-22,Nagasaki,長崎県,0,0,0.0,0.0
2020-03-22,Kumamoto,熊本県,6,5,1.0,0.0
2020-03-22,Oita,大分県,15,14,1.0,0.0
2020-03-22,Miyazaki,宮崎県,3,3,0.0,0.0
2020-03-22,Kagoshima,鹿児島県,0,0,0.0,0.0
2020-03-22,Okinawa,沖縄県,3,1,2.0,0.0
2020-03-23,Hokkaido,北海道,161,65,90.0,6.0
2020-03-23,Aomori,青森県,2,2,0.0,0.0
2020-03-23,Iwate,岩手県,0,0,0.0,0.0
2020-03-23,Miyagi,宮城県,1,0,1.0,0.0
2020-03-23,Akita,秋田県,1,0,1.0,0.0
2020-03-23,Yamagata,山形県,0,0,0.0,0.0
2020-03-23,Fukushima,福島県,2,2,0.0,0.0
2020-03-23,Ibaraki,茨城県,5,5,0.0,0.0
2020-03-23,Tochigi,栃木県,4,2,2.0,0.0
2020-03-23,Gunma,群馬県,11,10,0.0,1.0
2020-03-23,Saitama,埼玉県,46,34,11.0,1.0
2020-03-23,Chiba,千葉県,45,30,15.0,0.0
2020-03-23,Tokyo,東京都,146,116,26.0,4.0
2020-03-23,Kanagawa,神奈川県,68,47,17.0,4.0
2020-03-23,Niigata,新潟県,22,19,3.0,0.0
2020-03-23,Toyama,富山県,0,0,0.0,0.0
2020-03-23,Ishikawa,石川県,6,3,3.0,0.0
2020-03-23,Fukui,福井県,1,1,0.0,0.0
2020-03-23,Yamanashi,山梨県,2,1,1.0,0.0
2020-03-23,Nagano,長野県,3,2,1.0,0.0
2020-03-23,Gifu,岐阜県,8,7,1.0,0.0
2020-03-23,Shizuoka,静岡県,3,2,1.0,0.0
2020-03-23,Aichi,愛知県,136,112,8.0,17.0
2020-03-23,Mie,三重県,6,4,2.0,0.0
2020-03-23,Shiga,滋賀県,5,4,1.0,0.0
2020-03-23,Kyoto,京都府,21,14,7.0,0.0
2020-03-23,Osaka,大阪府,116,87,27.0,2.0
2020-03-23,Hyogo,兵庫県,85,78,2.0,6.0
2020-03-23,Nara,奈良県,5,2,3.0,0.0
2020-03-23,Wakayama,和歌山県,15,5,9.0,1.0
2020-03-23,Tottori,鳥取県,0,0,0.0,0.0
2020-03-23,Shimane,島根県,0,0,0.0,0.0
2020-03-23,Okayama,岡山県,1,1,0.0,0.0
2020-03-23,Hiroshima,広島県,3,2,1.0,0.0
2020-03-23,Yamaguchi,山口県,2,2,0.0,0.0
2020-03-23,Tokushima,徳島県,0,0,0.0,0.0
2020-03-23,Kagawa,香川県,1,1,0.0,0.0
2020-03-23,Eihime,愛媛県,2,1,1.0,0.0
2020-03-23,Kochi,高知県,11,0,11.0,0.0
2020-03-23,Fukuoka,福岡県,6,4,2.0,0.0
2020-03-23,Saga,佐賀県,1,1,0.0,0.0
2020-03-23,Nagasaki,長崎県,0,0,0.0,0.0
2020-03-23,Kumamoto,熊本県,6,5,1.0,0.0
2020-03-23,Oita,大分県,15,14,1.0,0.0
2020-03-23,Miyazaki,宮崎県,3,3,0.0,0.0
2020-03-23,Kagoshima,鹿児島県,0,0,0.0,0.0
2020-03-23,Okinawa,沖縄県,3,1,2.0,0.0
2020-03-24,Hokkaido,北海道,162,63,93.0,6.0
2020-03-24,Aomori,青森県,2,2,0.0,0.0
2020-03-24,Iwate,岩手県,0,0,0.0,0.0
2020-03-24,Miyagi,宮城県,1,0,1.0,0.0
2020-03-24,Akita,秋田県,1,0,1.0,0.0
2020-03-24,Yamagata,山形県,0,0,0.0,0.0
2020-03-24,Fukushima,福島県,2,2,0.0,0.0
2020-03-24,Ibaraki,茨城県,5,5,0.0,0.0
2020-03-24,Tochigi,栃木県,6,4,2.0,0.0
2020-03-24,Gunma,群馬県,13,12,0.0,1.0
2020-03-24,Saitama,埼玉県,53,41,11.0,1.0
2020-03-24,Chiba,千葉県,46,31,15.0,0.0
2020-03-24,Tokyo,東京都,160,130,26.0,5.0
2020-03-24,Kanagawa,神奈川県,73,52,17.0,4.0
2020-03-24,Niigata,新潟県,24,21,3.0,0.0
2020-03-24,Toyama,富山県,0,0,0.0,0.0
2020-03-24,Ishikawa,石川県,6,3,3.0,0.0
2020-03-24,Fukui,福井県,1,1,0.0,0.0
2020-03-24,Yamanashi,山梨県,4,3,1.0,0.0
2020-03-24,Nagano,長野県,4,2,2.0,0.0
2020-03-24,Gifu,岐阜県,11,10,1.0,0.0
2020-03-24,Shizuoka,静岡県,3,2,1.0,0.0
2020-03-24,Aichi,愛知県,139,114,9.0,17.0
2020-03-24,Mie,三重県,6,4,2.0,0.0
2020-03-24,Shiga,滋賀県,5,4,1.0,0.0
2020-03-24,Kyoto,京都府,23,16,7.0,0.0
2020-03-24,Osaka,大阪府,123,94,27.0,2.0
2020-03-24,Hyogo,兵庫県,87,77,5.0,6.0
2020-03-24,Nara,奈良県,5,2,3.0,0.0
2020-03-24,Wakayama,和歌山県,15,5,9.0,1.0
2020-03-24,Tottori,鳥取県,0,0,0.0,0.0
2020-03-24,Shimane,島根県,0,0,0.0,0.0
2020-03-24,Okayama,岡山県,1,1,0.0,0.0
2020-03-24,Hiroshima,広島県,3,2,1.0,0.0
2020-03-24,Yamaguchi,山口県,2,2,0.0,0.0
2020-03-24,Tokushima,徳島県,0,0,0.0,0.0
2020-03-24,Kagawa,香川県,1,1,0.0,0.0
2020-03-24,Eihime,愛媛県,2,1,1.0,0.0
2020-03-24,Kochi,高知県,11,0,11.0,0.0
2020-03-24,Fukuoka,福岡県,9,7,2.0,0.0
2020-03-24,Saga,佐賀県,1,1,0.0,0.0
2020-03-24,Nagasaki,長崎県,0,0,0.0,0.0
2020-03-24,Kumamoto,熊本県,6,5,1.0,0.0
2020-03-24,Oita,大分県,16,15,1.0,0.0
2020-03-24,Miyazaki,宮崎県,3,2,1.0,0.0
2020-03-24,Kagoshima,鹿児島県,0,0,0.0,0.0
2020-03-24,Okinawa,沖縄県,4,2,2.0,0.0
2020-03-25,Hokkaido,北海道,166,61,98.0,7.0
2020-03-25,Aomori,青森県,4,4,0.0,0.0
2020-03-25,Iwate,岩手県,0,0,0.0,0.0
2020-03-25,Miyagi,宮城県,1,0,1.0,0.0
2020-03-25,Akita,秋田県,1,0,1.0,0.0
2020-03-25,Yamagata,山形県,0,0,0.0,0.0
2020-03-25,Fukushima,福島県,2,2,0.0,0.0
2020-03-25,Ibaraki,茨城県,9,9,0.0,0.0
2020-03-25,Tochigi,栃木県,6,4,2.0,0.0
2020-03-25,Gunma,群馬県,13,12,0.0,1.0
2020-03-25,Saitama,埼玉県,53,40,12.0,1.0
2020-03-25,Chiba,千葉県,51,34,17.0,0.0
2020-03-25,Tokyo,東京都,201,170,27.0,5.0
2020-03-25,Kanagawa,神奈川県,77,56,17.0,4.0
2020-03-25,Niigata,新潟県,24,21,3.0,0.0
2020-03-25,Toyama,富山県,0,0,0.0,0.0
2020-03-25,Ishikawa,石川県,6,3,3.0,0.0
2020-03-25,Fukui,福井県,3,3,0.0,0.0
2020-03-25,Yamanashi,山梨県,4,3,1.0,0.0
2020-03-25,Nagano,長野県,4,2,2.0,0.0
2020-03-25,Gifu,岐阜県,12,11,1.0,0.0
2020-03-25,Shizuoka,静岡県,3,1,2.0,0.0
2020-03-25,Aichi,愛知県,144,91,36.0,18.0
2020-03-25,Mie,三重県,6,4,2.0,0.0
2020-03-25,Shiga,滋賀県,5,4,1.0,0.0
2020-03-25,Kyoto,京都府,27,20,7.0,0.0
2020-03-25,Osaka,大阪府,129,90,37.0,2.0
2020-03-25,Hyogo,兵庫県,87,77,5.0,6.0
2020-03-25,Nara,奈良県,5,2,3.0,0.0
2020-03-25,Wakayama,和歌山県,15,5,9.0,1.0
2020-03-25,Tottori,鳥取県,0,0,0.0,0.0
2020-03-25,Shimane,島根県,0,0,0.0,0.0
2020-03-25,Okayama,岡山県,1,1,0.0,0.0
2020-03-25,Hiroshima,広島県,3,2,1.0,0.0
2020-03-25,Yamaguchi,山口県,3,3,0.0,0.0
2020-03-25,Tokushima,徳島県,0,0,0.0,0.0
2020-03-25,Kagawa,香川県,1,1,0.0,0.0
2020-03-25,Eihime,愛媛県,2,1,1.0,0.0
2020-03-25,Kochi,高知県,11,0,11.0,0.0
2020-03-25,Fukuoka,福岡県,9,7,2.0,0.0
2020-03-25,Saga,佐賀県,1,1,0.0,0.0
2020-03-25,Nagasaki,長崎県,1,1,0.0,0.0
2020-03-25,Kumamoto,熊本県,6,4,2.0,0.0
2020-03-25,Oita,大分県,16,15,1.0,0.0
2020-03-25,Miyazaki,宮崎県,3,2,1.0,0.0
2020-03-25,Kagoshima,鹿児島県,0,0,0.0,0.0
2020-03-25,Okinawa,沖縄県,4,2,2.0,0.0
2020-03-27,Hokkaido,北海道,168,47,114.0,7.0
2020-03-27,Aomori,青森県,4,4,0.0,0.0
2020-03-27,Iwate,岩手県,0,0,0.0,0.0
2020-03-27,Miyagi,宮城県,2,1,1.0,0.0
2020-03-27,Akita,秋田県,3,2,1.0,0.0
2020-03-27,Yamagata,山形県,0,0,0.0,0.0
2020-03-27,Fukushima,福島県,2,2,0.0,0.0
2020-03-27,Ibaraki,茨城県,9,9,0.0,0.0
2020-03-27,Tochigi,栃木県,11,9,2.0,0.0
2020-03-27,Gunma,群馬県,14,13,0.0,1.0
2020-03-27,Saitama,埼玉県,66,51,13.0,2.0
2020-03-27,Chiba,千葉県,60,42,18.0,0.0
2020-03-27,Tokyo,東京都,227,193,29.0,5.0
2020-03-27,Kanagawa,神奈川県,88,66,18.0,4.0
2020-03-27,Niigata,新潟県,24,17,7.0,0.0
2020-03-27,Toyama,富山県,0,0,0.0,0.0
2020-03-27,Ishikawa,石川県,6,3,3.0,0.0
2020-03-27,Fukui,福井県,8,8,0.0,0.0
2020-03-27,Yamanashi,山梨県,4,2,2.0,0.0
2020-03-27,Nagano,長野県,5,3,2.0,0.0
2020-03-27,Gifu,岐阜県,14,13,1.0,0.0
2020-03-27,Shizuoka,静岡県,3,1,2.0,0.0
2020-03-27,Aichi,愛知県,150,90,42.0,18.0
2020-03-27,Mie,三重県,6,4,2.0,0.0
2020-03-27,Shiga,滋賀県,6,5,1.0,0.0
2020-03-27,Kyoto,京都府,31,20,11.0,0.0
2020-03-27,Osaka,大阪府,154,111,41.0,2.0
2020-03-27,Hyogo,兵庫県,90,80,5.0,5.0
2020-03-27,Nara,奈良県,5,2,3.0,0.0
2020-03-27,Wakayama,和歌山県,15,4,10.0,1.0
2020-03-27,Tottori,鳥取県,0,0,0.0,0.0
2020-03-27,Shimane,島根県,0,0,0.0,0.0
2020-03-27,Okayama,岡山県,2,2,0.0,0.0
2020-03-27,Hiroshima,広島県,4,3,1.0,0.0
2020-03-27,Yamaguchi,山口県,4,4,0.0,0.0
2020-03-27,Tokushima,徳島県,0,0,0.0,0.0
2020-03-27,Kagawa,香川県,1,1,0.0,0.0
2020-03-27,Ehime,愛媛県,3,2,1.0,0.0
2020-03-27,Kochi,高知県,12,1,11.0,0.0
2020-03-27,Fukuoka,福岡県,12,10,2.0,0.0
2020-03-27,Saga,佐賀県,1,1,0.0,0.0
2020-03-27,Nagasaki,長崎県,1,1,0.0,0.0
2020-03-27,Kumamoto,熊本県,9,7,2.0,0.0
2020-03-27,Oita,大分県,17,16,1.0,0.0
2020-03-27,Miyazaki,宮崎県,3,2,1.0,0.0
2020-03-27,Kagoshima,鹿児島県,1,1,0.0,0.0
2020-03-27,Okinawa,沖縄県,6,4,2.0,0.0
2020-03-28,Hokkaido,北海道,172,44,121.0,7.0
2020-03-28,Aomori,青森県,6,6,0.0,0.0
2020-03-28,Iwate,岩手県,0,0,0.0,0.0
2020-03-28,Miyagi,宮城県,2,1,1.0,0.0
2020-03-28,Akita,秋田県,4,2,2.0,0.0
2020-03-28,Yamagata,山形県,0,0,0.0,0.0
2020-03-28,Fukushima,福島県,2,2,0.0,0.0
2020-03-28,Ibaraki,茨城県,13,13,0.0,0.0
2020-03-28,Tochigi,栃木県,11,9,2.0,0.0
2020-03-28,Gunma,群馬県,15,14,0.0,1.0
2020-03-28,Saitama,埼玉県,78,60,15.0,3.0
2020-03-28,Chiba,千葉県,126,106,19.0,1.0
2020-03-28,Tokyo,東京都,368,327,36.0,5.0
2020-03-28,Kanagawa,神奈川県,104,79,20.0,5.0
2020-03-28,Niigata,新潟県,31,24,7.0,0.0
2020-03-28,Toyama,富山県,0,0,0.0,0.0
2020-03-28,Ishikawa,石川県,9,4,5.0,0.0
2020-03-28,Fukui,福井県,12,12,0.0,0.0
2020-03-28,Yamanashi,山梨県,4,2,2.0,0.0
2020-03-28,Nagano,長野県,6,3,3.0,0.0
2020-03-28,Gifu,岐阜県,16,15,1.0,0.0
2020-03-28,Shizuoka,静岡県,4,2,2.0,0.0
2020-03-28,Aichi,愛知県,164,103,42.0,19.0
2020-03-28,Mie,三重県,9,7,2.0,0.0
2020-03-28,Shiga,滋賀県,6,5,1.0,0.0
2020-03-28,Kyoto,京都府,37,24,13.0,0.0
2020-03-28,Osaka,大阪府,192,142,48.0,2.0
2020-03-28,Hyogo,兵庫県,125,99,18.0,8.0
2020-03-28,Nara,奈良県,11,3,8.0,0.0
2020-03-28,Wakayama,和歌山県,17,3,13.0,1.0
2020-03-28,Tottori,鳥取県,0,0,0.0,0.0
2020-03-28,Shimane,島根県,0,0,0.0,0.0
2020-03-28,Okayama,岡山県,3,3,0.0,0.0
2020-03-28,Hiroshima,広島県,4,3,1.0,0.0
2020-03-28,Yamaguchi,山口県,6,4,2.0,0.0
2020-03-28,Tokushima,徳島県,1,0,1.0,0.0
2020-03-28,Kagawa,香川県,1,1,0.0,0.0
2020-03-28,Ehime,愛媛県,4,2,2.0,0.0
2020-03-28,Kochi,高知県,13,1,12.0,0.0
2020-03-28,Fukuoka,福岡県,21,19,2.0,0.0
2020-03-28,Saga,佐賀県,1,1,0.0,0.0
2020-03-28,Nagasaki,長崎県,2,2,0.0,0.0
2020-03-28,Kumamoto,熊本県,10,7,3.0,0.0
2020-03-28,Oita,大分県,27,26,1.0,0.0
2020-03-28,Miyazaki,宮崎県,3,2,1.0,0.0
2020-03-28,Kagoshima,鹿児島県,1,1,0.0,0.0
2020-03-28,Okinawa,沖縄県,6,4,2.0,0.0
2020-03-29,Hokkaido,北海道,176,48,121.0,7.0
2020-03-29,Aomori,青森県,7,7,0.0,0.0
2020-03-29,Iwate,岩手県,0,0,0.0,0.0
2020-03-29,Miyagi,宮城県,2,1,1.0,0.0
2020-03-29,Akita,秋田県,4,2,2.0,0.0
2020-03-29,Yamagata,山形県,0,0,0.0,0.0
2020-03-29,Fukushima,福島県,2,2,0.0,0.0
2020-03-29,Ibaraki,茨城県,16,16,0.0,0.0
2020-03-29,Tochigi,栃木県,12,10,2.0,0.0
2020-03-29,Gunma,群馬県,18,17,0.0,1.0
2020-03-29,Saitama,埼玉県,83,65,15.0,3.0
2020-03-29,Chiba,千葉県,160,140,19.0,1.0
2020-03-29,Tokyo,東京都,436,395,36.0,5.0
2020-03-29,Kanagawa,神奈川県,107,82,20.0,5.0
2020-03-29,Niigata,新潟県,31,24,7.0,0.0
2020-03-29,Toyama,富山県,0,0,0.0,0.0
2020-03-29,Ishikawa,石川県,9,4,5.0,0.0
2020-03-29,Fukui,福井県,13,13,0.0,0.0
2020-03-29,Yamanashi,山梨県,4,2,2.0,0.0
2020-03-29,Nagano,長野県,8,5,3.0,0.0
2020-03-29,Gifu,岐阜県,21,20,1.0,0.0
2020-03-29,Shizuoka,静岡県,4,2,2.0,0.0
2020-03-29,Aichi,愛知県,167,106,42.0,19.0
2020-03-29,Mie,三重県,9,7,2.0,0.0
2020-03-29,Shiga,滋賀県,6,5,1.0,0.0
2020-03-29,Kyoto,京都府,46,33,13.0,0.0
2020-03-29,Osaka,大阪府,209,159,48.0,2.0
2020-03-29,Hyogo,兵庫県,132,104,18.0,10.0
2020-03-29,Nara,奈良県,11,3,8.0,0.0
2020-03-29,Wakayama,和歌山県,17,3,13.0,1.0
2020-03-29,Tottori,鳥取県,0,0,0.0,0.0
2020-03-29,Shimane,島根県,0,0,0.0,0.0
2020-03-29,Okayama,岡山県,3,3,0.0,0.0
2020-03-29,Hiroshima,広島県,6,5,1.0,0.0
2020-03-29,Yamaguchi,山口県,6,4,2.0,0.0
2020-03-29,Tokushima,徳島県,1,0,1.0,0.0
2020-03-29,Kagawa,香川県,1,1,0.0,0.0
2020-03-29,Ehime,愛媛県,4,2,2.0,0.0
2020-03-29,Kochi,高知県,14,2,12.0,0.0
2020-03-29,Fukuoka,福岡県,22,20,2.0,0.0
2020-03-29,Saga,佐賀県,1,1,0.0,0.0
2020-03-29,Nagasaki,長崎県,2,2,0.0,0.0
2020-03-29,Kumamoto,熊本県,10,7,3.0,0.0
2020-03-29,Oita,大分県,28,27,1.0,0.0
2020-03-29,Miyazaki,宮崎県,3,2,1.0,0.0
2020-03-29,Kagoshima,鹿児島県,1,1,0.0,0.0
2020-03-29,Okinawa,沖縄県,8,6,2.0,0.0
2020-03-30,Hokkaido,北海道,177,49,121.0,7.0
2020-03-30,Aomori,青森県,7,7,0.0,0.0
2020-03-30,Iwate,岩手県,0,0,0.0,0.0
2020-03-30,Miyagi,宮城県,6,5,1.0,0.0
2020-03-30,Akita,秋田県,4,2,2.0,0.0
2020-03-30,Yamagata,山形県,0,0,0.0,0.0
2020-03-30,Fukushima,福島県,2,2,0.0,0.0
2020-03-30,Ibaraki,茨城県,20,20,0.0,0.0
2020-03-30,Tochigi,栃木県,12,10,2.0,0.0
2020-03-30,Gunma,群馬県,18,17,0.0,1.0
2020-03-30,Saitama,埼玉県,84,66,15.0,3.0
2020-03-30,Chiba,千葉県,160,140,19.0,1.0
2020-03-30,Tokyo,東京都,449,407,36.0,6.0
2020-03-30,Kanagawa,神奈川県,115,89,20.0,6.0
2020-03-30,Niigata,新潟県,31,24,7.0,0.0
2020-03-30,Toyama,富山県,1,1,0.0,0.0
2020-03-30,Ishikawa,石川県,11,6,5.0,0.0
2020-03-30,Fukui,福井県,15,15,0.0,0.0
2020-03-30,Yamanashi,山梨県,5,3,2.0,0.0
2020-03-30,Nagano,長野県,8,5,3.0,0.0
2020-03-30,Gifu,岐阜県,21,20,1.0,0.0
2020-03-30,Shizuoka,静岡県,4,2,2.0,0.0
2020-03-30,Aichi,愛知県,170,109,42.0,19.0
2020-03-30,Mie,三重県,11,9,2.0,0.0
2020-03-30,Shiga,滋賀県,6,5,1.0,0.0
2020-03-30,Kyoto,京都府,54,41,13.0,0.0
2020-03-30,Osaka,大阪府,217,167,48.0,2.0
2020-03-30,Hyogo,兵庫県,136,108,18.0,10.0
2020-03-30,Nara,奈良県,11,3,8.0,0.0
2020-03-30,Wakayama,和歌山県,17,3,13.0,1.0
2020-03-30,Tottori,鳥取県,0,0,0.0,0.0
2020-03-30,Shimane,島根県,0,0,0.0,0.0
2020-03-30,Okayama,岡山県,4,4,0.0,0.0
2020-03-30,Hiroshima,広島県,6,5,1.0,0.0
2020-03-30,Yamaguchi,山口県,6,4,2.0,0.0
2020-03-30,Tokushima,徳島県,1,0,1.0,0.0
2020-03-30,Kagawa,香川県,1,1,0.0,0.0
2020-03-30,Ehime,愛媛県,4,2,2.0,0.0
2020-03-30,Kochi,高知県,15,3,12.0,0.0
2020-03-30,Fukuoka,福岡県,23,21,2.0,0.0
2020-03-30,Saga,佐賀県,1,1,0.0,0.0
2020-03-30,Nagasaki,長崎県,2,2,0.0,0.0
2020-03-30,Kumamoto,熊本県,11,8,3.0,0.0
2020-03-30,Oita,大分県,28,27,1.0,0.0
2020-03-30,Miyazaki,宮崎県,3,2,1.0,0.0
2020-03-30,Kagoshima,鹿児島県,1,1,0.0,0.0
2020-03-30,Okinawa,沖縄県,9,7,2.0,0.0
2020-03-31,Hokkaido,北海道,177,46,124.0,7.0
2020-03-31,Aomori,青森県,8,8,0.0,0.0
2020-03-31,Iwate,岩手県,0,0,0.0,0.0
2020-03-31,Miyagi,宮城県,7,6,1.0,0.0
2020-03-31,Akita,秋田県,6,4,2.0,0.0
2020-03-31,Yamagata,山形県,1,1,0.0,0.0
2020-03-31,Fukushima,福島県,4,4,0.0,0.0
2020-03-31,Ibaraki,茨城県,24,24,0.0,0.0
2020-03-31,Tochigi,栃木県,14,12,2.0,0.0
2020-03-31,Gunma,群馬県,19,18,0.0,1.0
2020-03-31,Saitama,埼玉県,98,80,15.0,3.0
2020-03-31,Chiba,千葉県,164,144,19.0,1.0
2020-03-31,Tokyo,東京都,527,484,37.0,6.0
2020-03-31,Kanagawa,神奈川県,120,87,27.0,6.0
2020-03-31,Niigata,新潟県,31,21,10.0,0.0
2020-03-31,Toyama,富山県,3,3,0.0,0.0
2020-03-31,Ishikawa,石川県,13,8,5.0,0.0
2020-03-31,Fukui,福井県,16,16,0.0,0.0
2020-03-31,Yamanashi,山梨県,6,4,2.0,0.0
2020-03-31,Nagano,長野県,8,5,3.0,0.0
2020-03-31,Gifu,岐阜県,23,21,2.0,0.0
2020-03-31,Shizuoka,静岡県,6,3,3.0,0.0
2020-03-31,Aichi,愛知県,176,110,47.0,19.0
2020-03-31,Mie,三重県,11,9,2.0,0.0
2020-03-31,Shiga,滋賀県,7,5,2.0,0.0
2020-03-31,Kyoto,京都府,68,53,15.0,0.0
2020-03-31,Osaka,大阪府,245,173,70.0,2.0
2020-03-31,Hyogo,兵庫県,147,118,18.0,11.0
2020-03-31,Nara,奈良県,11,3,8.0,0.0
2020-03-31,Wakayama,和歌山県,17,3,13.0,1.0
2020-03-31,Tottori,鳥取県,0,0,0.0,0.0
2020-03-31,Shimane,島根県,0,0,0.0,0.0
2020-03-31,Okayama,岡山県,4,4,0.0,0.0
2020-03-31,Hiroshima,広島県,6,5,1.0,0.0
2020-03-31,Yamaguchi,山口県,6,3,3.0,0.0
2020-03-31,Tokushima,徳島県,3,2,1.0,0.0
2020-03-31,Kagawa,香川県,2,2,0.0,0.0
2020-03-31,Ehime,愛媛県,9,7,2.0,0.0
2020-03-31,Kochi,高知県,17,5,12.0,0.0
2020-03-31,Fukuoka,福岡県,43,41,2.0,0.0
2020-03-31,Saga,佐賀県,2,2,0.0,0.0
2020-03-31,Nagasaki,長崎県,2,1,1.0,0.0
2020-03-31,Kumamoto,熊本県,14,11,3.0,0.0
2020-03-31,Oita,大分県,29,28,1.0,0.0
2020-03-31,Miyazaki,宮崎県,3,2,1.0,0.0
2020-03-31,Kagoshima,鹿児島県,1,1,0.0,0.0
2020-03-31,Okinawa,沖縄県,9,7,2.0,0.0
2020-04-01,Hokkaido,北海道,182,44,131.0,7.0
2020-04-01,Aomori,青森県,8,8,0.0,0.0
2020-04-01,Iwate,岩手県,0,0,0.0,0.0
2020-04-01,Miyagi,宮城県,7,6,1.0,0.0
2020-04-01,Akita,秋田県,6,4,2.0,0.0
2020-04-01,Yamagata,山形県,1,1,0.0,0.0
2020-04-01,Fukushima,福島県,6,5,1.0,0.0
2020-04-01,Ibaraki,茨城県,24,23,0.0,1.0
2020-04-01,Tochigi,栃木県,14,12,2.0,0.0
2020-04-01,Gunma,群馬県,20,19,0.0,1.0
2020-04-01,Saitama,埼玉県,101,77,20.0,4.0
2020-04-01,Chiba,千葉県,175,151,23.0,1.0
2020-04-01,Tokyo,東京都,593,539,47.0,7.0
2020-04-01,Kanagawa,神奈川県,138,104,28.0,6.0
2020-04-01,Niigata,新潟県,31,21,10.0,0.0
2020-04-01,Toyama,富山県,5,5,0.0,0.0
2020-04-01,Ishikawa,石川県,15,10,5.0,0.0
2020-04-01,Fukui,福井県,22,22,0.0,0.0
2020-04-01,Yamanashi,山梨県,8,6,2.0,0.0
2020-04-01,Nagano,長野県,9,6,3.0,0.0
2020-04-01,Gifu,岐阜県,22,20,2.0,0.0
2020-04-01,Shizuoka,静岡県,6,3,3.0,0.0
2020-04-01,Aichi,愛知県,181,115,47.0,19.0
2020-04-01,Mie,三重県,11,9,2.0,0.0
2020-04-01,Shiga,滋賀県,8,5,3.0,0.0
2020-04-01,Kyoto,京都府,71,55,16.0,0.0
2020-04-01,Osaka,大阪府,279,207,70.0,2.0
2020-04-01,Hyogo,兵庫県,161,132,18.0,11.0
2020-04-01,Nara,奈良県,15,7,8.0,0.0
2020-04-01,Wakayama,和歌山県,18,4,13.0,1.0
2020-04-01,Tottori,鳥取県,0,0,0.0,0.0
2020-04-01,Shimane,島根県,0,0,0.0,0.0
2020-04-01,Okayama,岡山県,4,4,0.0,0.0
2020-04-01,Hiroshima,広島県,6,5,1.0,0.0
2020-04-01,Yamaguchi,山口県,6,3,3.0,0.0
2020-04-01,Tokushima,徳島県,3,2,1.0,0.0
2020-04-01,Kagawa,香川県,2,2,0.0,0.0
2020-04-01,Ehime,愛媛県,9,7,2.0,0.0
2020-04-01,Kochi,高知県,20,8,12.0,0.0
2020-04-01,Fukuoka,福岡県,52,47,5.0,0.0
2020-04-01,Saga,佐賀県,4,4,0.0,0.0
2020-04-01,Nagasaki,長崎県,5,4,1.0,0.0
2020-04-01,Kumamoto,熊本県,15,12,3.0,0.0
2020-04-01,Oita,大分県,29,28,1.0,0.0
2020-04-01,Miyazaki,宮崎県,3,2,1.0,0.0
2020-04-01,Kagoshima,鹿児島県,2,2,0.0,0.0
2020-04-01,Okinawa,沖縄県,9,7,2.0,0.0
2020-04-02,Hokkaido,北海道,185,46,131.0,8.0
2020-04-02,Aomori,青森県,9,9,0.0,0.0
2020-04-02,Iwate,岩手県,0,0,0.0,0.0
2020-04-02,Miyagi,宮城県,12,11,1.0,0.0
2020-04-02,Akita,秋田県,7,5,2.0,0.0
2020-04-02,Yamagata,山形県,1,1,0.0,0.0
2020-04-02,Fukushima,福島県,8,7,1.0,0.0
2020-04-02,Ibaraki,茨城県,26,24,0.0,2.0
2020-04-02,Tochigi,栃木県,14,12,2.0,0.0
2020-04-02,Gunma,群馬県,20,19,0.0,1.0
2020-04-02,Saitama,埼玉県,113,88,21.0,4.0
2020-04-02,Chiba,千葉県,181,154,26.0,1.0
2020-04-02,Tokyo,東京都,690,635,48.0,7.0
2020-04-02,Kanagawa,神奈川県,153,119,28.0,6.0
2020-04-02,Niigata,新潟県,31,21,10.0,0.0
2020-04-02,Toyama,富山県,8,8,0.0,0.0
2020-04-02,Ishikawa,石川県,16,11,5.0,0.0
2020-04-02,Fukui,福井県,31,30,0.0,1.0
2020-04-02,Yamanashi,山梨県,9,7,2.0,0.0
2020-04-02,Nagano,長野県,9,6,3.0,0.0
2020-04-02,Gifu,岐阜県,22,20,2.0,0.0
2020-04-02,Shizuoka,静岡県,6,3,3.0,0.0
2020-04-02,Aichi,愛知県,186,120,47.0,19.0
2020-04-02,Mie,三重県,12,10,2.0,0.0
2020-04-02,Shiga,滋賀県,8,5,3.0,0.0
2020-04-02,Kyoto,京都府,79,61,18.0,0.0
2020-04-02,Osaka,大阪府,312,239,71.0,2.0
2020-04-02,Hyogo,兵庫県,167,138,18.0,11.0
2020-04-02,Nara,奈良県,19,11,8.0,0.0
2020-04-02,Wakayama,和歌山県,20,5,14.0,1.0
2020-04-02,Tottori,鳥取県,0,0,0.0,0.0
2020-04-02,Shimane,島根県,0,0,0.0,0.0
2020-04-02,Okayama,岡山県,7,7,0.0,0.0
2020-04-02,Hiroshima,広島県,6,5,1.0,0.0
2020-04-02,Yamaguchi,山口県,6,3,3.0,0.0
2020-04-02,Tokushima,徳島県,3,2,1.0,0.0
2020-04-02,Kagawa,香川県,2,2,0.0,0.0
2020-04-02,Ehime,愛媛県,11,9,2.0,0.0
2020-04-02,Kochi,高知県,21,9,12.0,0.0
2020-04-02,Fukuoka,福岡県,62,57,5.0,0.0
2020-04-02,Saga,佐賀県,4,4,0.0,0.0
2020-04-02,Nagasaki,長崎県,5,4,1.0,0.0
2020-04-02,Kumamoto,熊本県,15,12,3.0,0.0
2020-04-02,Oita,大分県,30,29,1.0,0.0
2020-04-02,Miyazaki,宮崎県,3,2,1.0,0.0
2020-04-02,Kagoshima,鹿児島県,3,3,0.0,0.0
2020-04-02,Okinawa,沖縄県,9,7,2.0,0.0
2020-04-03,Hokkaido,北海道,190,52,130.0,8.0
2020-04-03,Aomori,青森県,11,11,0.0,0.0
2020-04-03,Iwate,岩手県,0,0,0.0,0.0
2020-04-03,Miyagi,宮城県,13,12,1.0,0.0
2020-04-03,Akita,秋田県,9,7,2.0,0.0
2020-04-03,Yamagata,山形県,1,1,0.0,0.0
2020-04-03,Fukushima,福島県,9,8,1.0,0.0
2020-04-03,Ibaraki,茨城県,54,51,1.0,2.0
2020-04-03,Tochigi,栃木県,14,11,3.0,0.0
2020-04-03,Gunma,群馬県,24,23,0.0,1.0
2020-04-03,Saitama,埼玉県,131,104,23.0,4.0
2020-04-03,Chiba,千葉県,192,160,31.0,1.0
2020-04-03,Tokyo,東京都,779,719,48.0,12.0
2020-04-03,Kanagawa,神奈川県,181,143,32.0,6.0
2020-04-03,Niigata,新潟県,32,21,11.0,0.0
2020-04-03,Toyama,富山県,8,8,0.0,0.0
2020-04-03,Ishikawa,石川県,24,19,5.0,0.0
2020-04-03,Fukui,福井県,40,39,0.0,1.0
2020-04-03,Yamanashi,山梨県,9,7,2.0,0.0
2020-04-03,Nagano,長野県,10,6,4.0,0.0
2020-04-03,Gifu,岐阜県,39,37,2.0,0.0
2020-04-03,Shizuoka,静岡県,8,5,3.0,0.0
2020-04-03,Aichi,愛知県,198,131,48.0,19.0
2020-04-03,Mie,三重県,12,8,4.0,0.0
2020-04-03,Shiga,滋賀県,14,11,3.0,0.0
2020-04-03,Kyoto,京都府,91,73,18.0,0.0
2020-04-03,Osaka,大阪府,347,272,73.0,2.0
2020-04-03,Hyogo,兵庫県,172,110,51.0,11.0
2020-04-03,Nara,奈良県,21,13,8.0,0.0
2020-04-03,Wakayama,和歌山県,21,5,15.0,1.0
2020-04-03,Tottori,鳥取県,0,0,0.0,0.0
2020-04-03,Shimane,島根県,0,0,0.0,0.0
2020-04-03,Okayama,岡山県,9,9,0.0,0.0
2020-04-03,Hiroshima,広島県,8,7,1.0,0.0
2020-04-03,Yamaguchi,山口県,7,4,3.0,0.0
2020-04-03,Tokushima,徳島県,3,2,1.0,0.0
2020-04-03,Kagawa,香川県,2,2,0.0,0.0
2020-04-03,Ehime,愛媛県,11,7,3.0,1.0
2020-04-03,Kochi,高知県,21,9,12.0,0.0
2020-04-03,Fukuoka,福岡県,66,61,5.0,0.0
2020-04-03,Saga,佐賀県,5,5,0.0,0.0
2020-04-03,Nagasaki,長崎県,7,5,2.0,0.0
2020-04-03,Kumamoto,熊本県,15,12,3.0,0.0
2020-04-03,Oita,大分県,31,25,6.0,0.0
2020-04-03,Miyazaki,宮崎県,4,2,2.0,0.0
2020-04-03,Kagoshima,鹿児島県,3,3,0.0,0.0
2020-04-03,Okinawa,沖縄県,9,7,2.0,0.0
2020-04-04,Hokkaido,北海道,193,55,130.0,8.0
2020-04-04,Aomori,青森県,11,11,0.0,0.0
2020-04-04,Iwate,岩手県,0,0,0.0,0.0
2020-04-04,Miyagi,宮城県,20,19,1.0,0.0
2020-04-04,Akita,秋田県,10,8,2.0,0.0
2020-04-04,Yamagata,山形県,6,6,0.0,0.0
2020-04-04,Fukushima,福島県,14,13,1.0,0.0
2020-04-04,Ibaraki,茨城県,59,56,1.0,2.0
2020-04-04,Tochigi,栃木県,14,11,3.0,0.0
2020-04-04,Gunma,群馬県,25,23,1.0,1.0
2020-04-04,Saitama,埼玉県,153,126,23.0,4.0
2020-04-04,Chiba,千葉県,219,187,31.0,1.0
2020-04-04,Tokyo,東京都,897,837,48.0,12.0
2020-04-04,Kanagawa,神奈川県,197,159,32.0,6.0
2020-04-04,Niigata,新潟県,32,21,11.0,0.0
2020-04-04,Toyama,富山県,10,10,0.0,0.0
2020-04-04,Ishikawa,石川県,32,27,5.0,0.0
2020-04-04,Fukui,福井県,44,43,0.0,1.0
2020-04-04,Yamanashi,山梨県,11,9,2.0,0.0
2020-04-04,Nagano,長野県,11,7,4.0,0.0
2020-04-04,Gifu,岐阜県,43,40,2.0,1.0
2020-04-04,Shizuoka,静岡県,10,7,3.0,0.0
2020-04-04,Aichi,愛知県,216,149,48.0,19.0
2020-04-04,Mie,三重県,12,8,4.0,0.0
2020-04-04,Shiga,滋賀県,17,14,3.0,0.0
2020-04-04,Kyoto,京都府,105,87,18.0,0.0
2020-04-04,Osaka,大阪府,388,306,80.0,2.0
2020-04-04,Hyogo,兵庫県,182,119,52.0,11.0
2020-04-04,Nara,奈良県,24,16,8.0,0.0
2020-04-04,Wakayama,和歌山県,21,5,15.0,1.0
2020-04-04,Tottori,鳥取県,0,0,0.0,0.0
2020-04-04,Shimane,島根県,0,0,0.0,0.0
2020-04-04,Okayama,岡山県,10,10,0.0,0.0
2020-04-04,Hiroshima,広島県,13,12,1.0,0.0
2020-04-04,Yamaguchi,山口県,7,4,3.0,0.0
2020-04-04,Tokushima,徳島県,3,2,1.0,0.0
2020-04-04,Kagawa,香川県,2,2,0.0,0.0
2020-04-04,Ehime,愛媛県,12,8,3.0,1.0
2020-04-04,Kochi,高知県,24,12,12.0,0.0
2020-04-04,Fukuoka,福岡県,67,62,5.0,0.0
2020-04-04,Saga,佐賀県,6,6,0.0,0.0
2020-04-04,Nagasaki,長崎県,8,6,2.0,0.0
2020-04-04,Kumamoto,熊本県,16,13,3.0,0.0
2020-04-04,Oita,大分県,31,25,6.0,0.0
2020-04-04,Miyazaki,宮崎県,4,2,2.0,0.0
2020-04-04,Kagoshima,鹿児島県,3,3,0.0,0.0
2020-04-04,Okinawa,沖縄県,9,7,2.0,0.0
2020-04-05,Hokkaido,北海道,194,56,130.0,8.0
2020-04-05,Aomori,青森県,11,11,0.0,0.0
2020-04-05,Iwate,岩手県,0,0,0.0,0.0
2020-04-05,Miyagi,宮城県,23,22,1.0,0.0
2020-04-05,Akita,秋田県,11,9,2.0,0.0
2020-04-05,Yamagata,山形県,10,10,0.0,0.0
2020-04-05,Fukushima,福島県,16,15,1.0,0.0
2020-04-05,Ibaraki,茨城県,64,61,1.0,2.0
2020-04-05,Tochigi,栃木県,14,11,3.0,0.0
2020-04-05,Gunma,群馬県,26,24,1.0,1.0
2020-04-05,Saitama,埼玉県,174,147,23.0,4.0
2020-04-05,Chiba,千葉県,238,205,32.0,1.0
2020-04-05,Tokyo,東京都,1040,978,50.0,12.0
2020-04-05,Kanagawa,神奈川県,226,188,32.0,6.0
2020-04-05,Niigata,新潟県,32,21,11.0,0.0
2020-04-05,Toyama,富山県,10,10,0.0,0.0
2020-04-05,Ishikawa,石川県,43,38,5.0,0.0
2020-04-05,Fukui,福井県,51,49,0.0,2.0
2020-04-05,Yamanashi,山梨県,13,11,2.0,0.0
2020-04-05,Nagano,長野県,12,8,4.0,0.0
2020-04-05,Gifu,岐阜県,50,47,2.0,1.0
2020-04-05,Shizuoka,静岡県,10,7,3.0,0.0
2020-04-05,Aichi,愛知県,227,159,48.0,20.0
2020-04-05,Mie,三重県,13,9,4.0,0.0
2020-04-05,Shiga,滋賀県,18,15,3.0,0.0
2020-04-05,Kyoto,京都府,111,93,18.0,0.0
2020-04-05,Osaka,大阪府,409,324,82.0,3.0
2020-04-05,Hyogo,兵庫県,195,132,52.0,11.0
2020-04-05,Nara,奈良県,25,17,8.0,0.0
2020-04-05,Wakayama,和歌山県,25,9,15.0,1.0
2020-04-05,Tottori,鳥取県,0,0,0.0,0.0
2020-04-05,Shimane,島根県,0,0,0.0,0.0
2020-04-05,Okayama,岡山県,11,11,0.0,0.0
2020-04-05,Hiroshima,広島県,16,15,1.0,0.0
2020-04-05,Yamaguchi,山口県,8,5,3.0,0.0
2020-04-05,Tokushima,徳島県,3,2,1.0,0.0
2020-04-05,Kagawa,香川県,2,2,0.0,0.0
2020-04-05,Ehime,愛媛県,12,8,3.0,1.0
2020-04-05,Kochi,高知県,31,19,12.0,0.0
2020-04-05,Fukuoka,福岡県,109,103,6.0,0.0
2020-04-05,Saga,佐賀県,8,7,1.0,0.0
2020-04-05,Nagasaki,長崎県,9,7,2.0,0.0
2020-04-05,Kumamoto,熊本県,20,17,3.0,0.0
2020-04-05,Oita,大分県,31,25,6.0,0.0
2020-04-05,Miyazaki,宮崎県,6,4,2.0,0.0
2020-04-05,Kagoshima,鹿児島県,3,3,0.0,0.0
2020-04-05,Okinawa,沖縄県,9,7,2.0,0.0
2020-04-06,Hokkaido,北海道,194,44,141.0,9.0
2020-04-06,Aomori,青森県,11,11,0.0,0.0
2020-04-06,Iwate,岩手県,0,0,0.0,0.0
2020-04-06,Miyagi,宮城県,26,25,1.0,0.0
2020-04-06,Akita,秋田県,11,9,2.0,0.0
2020-04-06,Yamagata,山形県,13,13,0.0,0.0
2020-04-06,Fukushima,福島県,16,15,1.0,0.0
2020-04-06,Ibaraki,茨城県,71,68,1.0,2.0
2020-04-06,Tochigi,栃木県,14,11,3.0,0.0
2020-04-06,Gunma,群馬県,26,24,1.0,1.0
2020-04-06,Saitama,埼玉県,195,168,23.0,4.0
2020-04-06,Chiba,千葉県,253,220,32.0,1.0
2020-04-06,Tokyo,東京都,1123,1049,58.0,16.0
2020-04-06,Kanagawa,神奈川県,261,223,32.0,6.0
2020-04-06,Niigata,新潟県,32,21,11.0,0.0
2020-04-06,Toyama,富山県,11,11,0.0,0.0
2020-04-06,Ishikawa,石川県,45,40,5.0,0.0
2020-04-06,Fukui,福井県,57,54,1.0,2.0
2020-04-06,Yamanashi,山梨県,14,12,2.0,0.0
2020-04-06,Nagano,長野県,14,10,4.0,0.0
2020-04-06,Gifu,岐阜県,51,48,2.0,1.0
2020-04-06,Shizuoka,静岡県,10,7,3.0,0.0
2020-04-06,Aichi,愛知県,237,164,52.0,21.0
2020-04-06,Mie,三重県,13,9,4.0,0.0
2020-04-06,Shiga,滋賀県,18,15,3.0,0.0
2020-04-06,Kyoto,京都府,119,101,18.0,0.0
2020-04-06,Osaka,大阪府,429,343,83.0,3.0
2020-04-06,Hyogo,兵庫県,201,136,53.0,12.0
2020-04-06,Nara,奈良県,26,18,8.0,0.0
2020-04-06,Wakayama,和歌山県,27,11,15.0,1.0
2020-04-06,Tottori,鳥取県,0,0,0.0,0.0
2020-04-06,Shimane,島根県,0,0,0.0,0.0
2020-04-06,Okayama,岡山県,11,11,0.0,0.0
2020-04-06,Hiroshima,広島県,16,15,1.0,0.0
2020-04-06,Yamaguchi,山口県,12,9,3.0,0.0
2020-04-06,Tokushima,徳島県,3,2,1.0,0.0
2020-04-06,Kagawa,香川県,2,2,0.0,0.0
2020-04-06,Ehime,愛媛県,14,9,4.0,1.0
2020-04-06,Kochi,高知県,34,22,12.0,0.0
2020-04-06,Fukuoka,福岡県,113,107,6.0,0.0
2020-04-06,Saga,佐賀県,8,7,1.0,0.0
2020-04-06,Nagasaki,長崎県,9,7,2.0,0.0
2020-04-06,Kumamoto,熊本県,20,17,3.0,0.0
2020-04-06,Oita,大分県,32,24,8.0,0.0
2020-04-06,Miyazaki,宮崎県,7,4,3.0,0.0
2020-04-06,Kagoshima,鹿児島県,3,3,0.0,0.0
2020-04-06,Okinawa,沖縄県,15,13,2.0,0.0
2020-04-07,Hokkaido,北海道,198,46,143.0,9.0
2020-04-07,Aomori,青森県,11,11,0.0,0.0
2020-04-07,Iwate,岩手県,0,0,0.0,0.0
2020-04-07,Miyagi,宮城県,27,26,1.0,0.0
2020-04-07,Akita,秋田県,11,9,2.0,0.0
2020-04-07,Yamagata,山形県,19,19,0.0,0.0
2020-04-07,Fukushima,福島県,24,23,1.0,0.0
2020-04-07,Ibaraki,茨城県,77,74,1.0,2.0
2020-04-07,Tochigi,栃木県,15,12,3.0,0.0
2020-04-07,Gunma,群馬県,29,27,1.0,1.0
2020-04-07,Saitama,埼玉県,209,182,23.0,4.0
2020-04-07,Chiba,千葉県,284,251,32.0,1.0
2020-04-07,Tokyo,東京都,1203,1129,58.0,16.0
2020-04-07,Kanagawa,神奈川県,279,237,35.0,7.0
2020-04-07,Niigata,新潟県,34,19,15.0,0.0
2020-04-07,Toyama,富山県,12,12,0.0,0.0
2020-04-07,Ishikawa,石川県,51,46,5.0,0.0
2020-04-07,Fukui,福井県,57,54,1.0,2.0
2020-04-07,Yamanashi,山梨県,19,17,2.0,0.0
2020-04-07,Nagano,長野県,14,11,3.0,0.0
2020-04-07,Gifu,岐阜県,51,47,3.0,1.0
2020-04-07,Shizuoka,静岡県,10,7,3.0,0.0
2020-04-07,Aichi,愛知県,258,185,52.0,21.0
2020-04-07,Mie,三重県,13,9,4.0,0.0
2020-04-07,Shiga,滋賀県,18,15,3.0,0.0
2020-04-07,Kyoto,京都府,139,121,18.0,0.0
2020-04-07,Osaka,大阪府,482,396,83.0,3.0
2020-04-07,Hyogo,兵庫県,216,151,53.0,12.0
2020-04-07,Nara,奈良県,28,20,8.0,0.0
2020-04-07,Wakayama,和歌山県,28,12,15.0,1.0
2020-04-07,Tottori,鳥取県,0,0,0.0,0.0
2020-04-07,Shimane,島根県,0,0,0.0,0.0
2020-04-07,Okayama,岡山県,12,12,0.0,0.0
2020-04-07,Hiroshima,広島県,19,18,1.0,0.0
2020-04-07,Yamaguchi,山口県,13,10,3.0,0.0
2020-04-07,Tokushima,徳島県,3,2,1.0,0.0
2020-04-07,Kagawa,香川県,2,2,0.0,0.0
2020-04-07,Ehime,愛媛県,23,18,4.0,1.0
2020-04-07,Kochi,高知県,36,24,12.0,0.0
2020-04-07,Fukuoka,福岡県,136,129,7.0,0.0
2020-04-07,Saga,佐賀県,9,8,1.0,0.0
2020-04-07,Nagasaki,長崎県,9,7,2.0,0.0
2020-04-07,Kumamoto,熊本県,21,18,3.0,0.0
2020-04-07,Oita,大分県,32,24,8.0,0.0
2020-04-07,Miyazaki,宮崎県,7,4,3.0,0.0
2020-04-07,Kagoshima,鹿児島県,3,3,0.0,0.0
2020-04-07,Okinawa,沖縄県,27,25,2.0,0.0
2020-04-08,Hokkaido,北海道,208,53,146.0,9.0
2020-04-08,Aomori,青森県,12,12,0.0,0.0
2020-04-08,Iwate,岩手県,0,0,0.0,0.0
2020-04-08,Miyagi,宮城県,34,33,1.0,0.0
2020-04-08,Akita,秋田県,11,9,2.0,0.0
2020-04-08,Yamagata,山形県,22,22,0.0,0.0
2020-04-08,Fukushima,福島県,29,28,1.0,0.0
2020-04-08,Ibaraki,茨城県,77,71,4.0,2.0
2020-04-08,Tochigi,栃木県,21,16,5.0,0.0
2020-04-08,Gunma,群馬県,29,26,2.0,1.0
2020-04-08,Saitama,埼玉県,242,215,23.0,4.0
2020-04-08,Chiba,千葉県,317,284,32.0,1.0
2020-04-08,Tokyo,東京都,1347,1272,57.0,18.0
2020-04-08,Kanagawa,神奈川県,327,284,37.0,6.0
2020-04-08,Niigata,新潟県,37,19,18.0,0.0
2020-04-08,Toyama,富山県,14,14,0.0,0.0
2020-04-08,Ishikawa,石川県,66,61,5.0,0.0
2020-04-08,Fukui,福井県,67,64,1.0,2.0
2020-04-08,Yamanashi,山梨県,22,20,2.0,0.0
2020-04-08,Nagano,長野県,19,16,3.0,0.0
2020-04-08,Gifu,岐阜県,69,65,3.0,1.0
2020-04-08,Shizuoka,静岡県,15,12,3.0,0.0
2020-04-08,Aichi,愛知県,278,205,52.0,21.0
2020-04-08,Mie,三重県,13,8,5.0,0.0
2020-04-08,Shiga,滋賀県,24,21,3.0,0.0
2020-04-08,Kyoto,京都府,149,126,23.0,0.0
2020-04-08,Osaka,大阪府,525,403,116.0,6.0
2020-04-08,Hyogo,兵庫県,216,151,53.0,12.0
2020-04-08,Nara,奈良県,30,22,8.0,0.0
2020-04-08,Wakayama,和歌山県,29,13,15.0,1.0
2020-04-08,Tottori,鳥取県,0,0,0.0,0.0
2020-04-08,Shimane,島根県,0,0,0.0,0.0
2020-04-08,Okayama,岡山県,15,15,0.0,0.0
2020-04-08,Hiroshima,広島県,23,22,1.0,0.0
2020-04-08,Yamaguchi,山口県,17,14,3.0,0.0
2020-04-08,Tokushima,徳島県,3,2,1.0,0.0
2020-04-08,Kagawa,香川県,3,3,0.0,0.0
2020-04-08,Ehime,愛媛県,25,20,4.0,1.0
2020-04-08,Kochi,高知県,37,25,12.0,0.0
2020-04-08,Fukuoka,福岡県,161,154,7.0,0.0
2020-04-08,Saga,佐賀県,11,10,1.0,0.0
2020-04-08,Nagasaki,長崎県,12,10,2.0,0.0
2020-04-08,Kumamoto,熊本県,23,20,3.0,0.0
2020-04-08,Oita,大分県,41,33,8.0,0.0
2020-04-08,Miyazaki,宮崎県,12,9,3.0,0.0
2020-04-08,Kagoshima,鹿児島県,3,3,0.0,0.0
2020-04-08,Okinawa,沖縄県,32,29,3.0,0.0
2020-04-09,Hokkaido,北海道,226,71,145.0,10.0
2020-04-09,Aomori,青森県,14,14,0.0,0.0
2020-04-09,Iwate,岩手県,0,0,0.0,0.0
2020-04-09,Miyagi,宮城県,36,35,1.0,0.0
2020-04-09,Akita,秋田県,11,9,2.0,0.0
2020-04-09,Yamagata,山形県,27,27,0.0,0.0
2020-04-09,Fukushima,福島県,33,31,2.0,0.0
2020-04-09,Ibaraki,茨城県,81,75,4.0,2.0
2020-04-09,Tochigi,栃木県,31,26,5.0,0.0
2020-04-09,Gunma,群馬県,33,28,4.0,1.0
2020-04-09,Saitama,埼玉県,271,241,25.0,5.0
2020-04-09,Chiba,千葉県,342,306,35.0,1.0
2020-04-09,Tokyo,東京都,1528,1453,57.0,18.0
2020-04-09,Kanagawa,神奈川県,375,332,37.0,6.0
2020-04-09,Niigata,新潟県,39,22,17.0,0.0
2020-04-09,Toyama,富山県,16,16,0.0,0.0
2020-04-09,Ishikawa,石川県,72,67,5.0,0.0
2020-04-09,Fukui,福井県,72,67,3.0,2.0
2020-04-09,Yamanashi,山梨県,24,22,2.0,0.0
2020-04-09,Nagano,長野県,21,18,3.0,0.0
2020-04-09,Gifu,岐阜県,76,70,5.0,1.0
2020-04-09,Shizuoka,静岡県,16,13,3.0,0.0
2020-04-09,Aichi,愛知県,299,225,53.0,21.0
2020-04-09,Mie,三重県,15,10,5.0,0.0
2020-04-09,Shiga,滋賀県,26,23,3.0,0.0
2020-04-09,Kyoto,京都府,159,129,29.0,1.0
2020-04-09,Osaka,大阪府,589,465,118.0,6.0
2020-04-09,Hyogo,兵庫県,273,203,58.0,12.0
2020-04-09,Nara,奈良県,34,26,8.0,0.0
2020-04-09,Wakayama,和歌山県,32,16,15.0,1.0
2020-04-09,Tottori,鳥取県,0,0,0.0,0.0
2020-04-09,Shimane,島根県,1,1,0.0,0.0
2020-04-09,Okayama,岡山県,16,16,0.0,0.0
2020-04-09,Hiroshima,広島県,25,22,3.0,0.0
2020-04-09,Yamaguchi,山口県,17,14,3.0,0.0
2020-04-09,Tokushima,徳島県,3,2,1.0,0.0
2020-04-09,Kagawa,香川県,3,3,0.0,0.0
2020-04-09,Ehime,愛媛県,26,21,4.0,1.0
2020-04-09,Kochi,高知県,47,35,12.0,0.0
2020-04-09,Fukuoka,福岡県,187,180,7.0,0.0
2020-04-09,Saga,佐賀県,11,10,1.0,0.0
2020-04-09,Nagasaki,長崎県,14,12,2.0,0.0
2020-04-09,Kumamoto,熊本県,23,19,4.0,0.0
2020-04-09,Oita,大分県,41,31,10.0,0.0
2020-04-09,Miyazaki,宮崎県,16,13,3.0,0.0
2020-04-09,Kagoshima,鹿児島県,3,3,0.0,0.0
2020-04-09,Okinawa,沖縄県,42,39,3.0,0.0
2020-04-10,Hokkaido,北海道,239,80,148.0,11.0
2020-04-10,Aomori,青森県,14,11,3.0,0.0
2020-04-10,Iwate,岩手県,0,0,0.0,0.0
2020-04-10,Miyagi,宮城県,37,36,1.0,0.0
2020-04-10,Akita,秋田県,12,7,5.0,0.0
2020-04-10,Yamagata,山形県,27,27,0.0,0.0
2020-04-10,Fukushima,福島県,36,33,3.0,0.0
2020-04-10,Ibaraki,茨城県,82,72,7.0,3.0
2020-04-10,Tochigi,栃木県,31,26,5.0,0.0
2020-04-10,Gunma,群馬県,35,29,5.0,1.0
2020-04-10,Saitama,埼玉県,325,295,25.0,5.0
2020-04-10,Chiba,千葉県,375,336,37.0,2.0
2020-04-10,Tokyo,東京都,1717,1641,57.0,19.0
2020-04-10,Kanagawa,神奈川県,425,375,44.0,6.0
2020-04-10,Niigata,新潟県,41,17,24.0,0.0
2020-04-10,Toyama,富山県,23,23,0.0,0.0
2020-04-10,Ishikawa,石川県,92,87,5.0,0.0
2020-04-10,Fukui,福井県,76,68,6.0,2.0
2020-04-10,Yamanashi,山梨県,27,25,2.0,0.0
2020-04-10,Nagano,長野県,28,25,3.0,0.0
2020-04-10,Gifu,岐阜県,82,76,5.0,1.0
2020-04-10,Shizuoka,静岡県,34,31,3.0,0.0
2020-04-10,Aichi,愛知県,313,228,63.0,22.0
2020-04-10,Mie,三重県,15,10,5.0,0.0
2020-04-10,Shiga,滋賀県,34,31,3.0,0.0
2020-04-10,Kyoto,京都府,168,138,29.0,1.0
2020-04-10,Osaka,大阪府,697,570,121.0,6.0
2020-04-10,Hyogo,兵庫県,316,245,59.0,12.0
2020-04-10,Nara,奈良県,37,29,8.0,0.0
2020-04-10,Wakayama,和歌山県,33,17,15.0,1.0
2020-04-10,Tottori,鳥取県,1,1,0.0,0.0
2020-04-10,Shimane,島根県,2,2,0.0,0.0
2020-04-10,Okayama,岡山県,16,15,1.0,0.0
2020-04-10,Hiroshima,広島県,25,22,3.0,0.0
2020-04-10,Yamaguchi,山口県,17,14,3.0,0.0
2020-04-10,Tokushima,徳島県,3,2,1.0,0.0
2020-04-10,Kagawa,香川県,4,4,0.0,0.0
2020-04-10,Ehime,愛媛県,28,23,4.0,1.0
2020-04-10,Kochi,高知県,52,40,12.0,0.0
2020-04-10,Fukuoka,福岡県,224,217,7.0,0.0
2020-04-10,Saga,佐賀県,12,11,1.0,0.0
2020-04-10,Nagasaki,長崎県,14,12,2.0,0.0
2020-04-10,Kumamoto,熊本県,23,18,4.0,1.0
2020-04-10,Oita,大分県,42,32,10.0,0.0
2020-04-10,Miyazaki,宮崎県,16,13,3.0,0.0
2020-04-10,Kagoshima,鹿児島県,3,3,0.0,0.0
2020-04-10,Okinawa,沖縄県,49,46,3.0,0.0
2020-04-11,Hokkaido,北海道,255,86,158.0,11.0
2020-04-11,Aomori,青森県,22,19,3.0,0.0
2020-04-11,Iwate,岩手県,0,0,0.0,0.0
2020-04-11,Miyagi,宮城県,46,45,1.0,0.0
2020-04-11,Akita,秋田県,13,8,5.0,0.0
2020-04-11,Yamagata,山形県,32,32,0.0,0.0
2020-04-11,Fukushima,福島県,37,34,3.0,0.0
2020-04-11,Ibaraki,茨城県,91,80,8.0,3.0
2020-04-11,Tochigi,栃木県,32,27,5.0,0.0
2020-04-11,Gunma,群馬県,79,72,5.0,2.0
2020-04-11,Saitama,埼玉県,345,315,25.0,5.0
2020-04-11,Chiba,千葉県,411,369,38.0,4.0
2020-04-11,Tokyo,東京都,1914,1838,57.0,19.0
2020-04-11,Kanagawa,神奈川県,465,415,44.0,6.0
2020-04-11,Niigata,新潟県,41,17,24.0,0.0
2020-04-11,Toyama,富山県,23,23,0.0,0.0
2020-04-11,Ishikawa,石川県,104,99,5.0,0.0
2020-04-11,Fukui,福井県,86,78,6.0,2.0
2020-04-11,Yamanashi,山梨県,32,30,2.0,0.0
2020-04-11,Nagano,長野県,28,25,3.0,0.0
2020-04-11,Gifu,岐阜県,91,85,5.0,1.0
2020-04-11,Shizuoka,静岡県,39,36,3.0,0.0
2020-04-11,Aichi,愛知県,340,255,63.0,22.0
2020-04-11,Mie,三重県,17,12,5.0,0.0
2020-04-11,Shiga,滋賀県,38,35,3.0,0.0
2020-04-11,Kyoto,京都府,181,147,33.0,1.0
2020-04-11,Osaka,大阪府,767,640,121.0,6.0
2020-04-11,Hyogo,兵庫県,358,286,59.0,13.0
2020-04-11,Nara,奈良県,39,31,8.0,0.0
2020-04-11,Wakayama,和歌山県,33,15,17.0,1.0
2020-04-11,Tottori,鳥取県,1,1,0.0,0.0
2020-04-11,Shimane,島根県,6,6,0.0,0.0
2020-04-11,Okayama,岡山県,16,15,1.0,0.0
2020-04-11,Hiroshima,広島県,31,28,3.0,0.0
2020-04-11,Yamaguchi,山口県,19,16,3.0,0.0
2020-04-11,Tokushima,徳島県,3,0,3.0,0.0
2020-04-11,Kagawa,香川県,4,3,1.0,0.0
2020-04-11,Ehime,愛媛県,30,25,4.0,1.0
2020-04-11,Kochi,高知県,54,41,13.0,0.0
2020-04-11,Fukuoka,福岡県,332,325,7.0,0.0
2020-04-11,Saga,佐賀県,12,11,1.0,0.0
2020-04-11,Nagasaki,長崎県,14,12,2.0,0.0
2020-04-11,Kumamoto,熊本県,23,18,4.0,1.0
2020-04-11,Oita,大分県,42,32,10.0,0.0
2020-04-11,Miyazaki,宮崎県,17,14,3.0,0.0
2020-04-11,Kagoshima,鹿児島県,4,4,0.0,0.0
2020-04-11,Okinawa,沖縄県,49,46,3.0,0.0
2020-04-12,Hokkaido,北海道,267,98,158.0,11.0
2020-04-12,Aomori,青森県,22,19,3.0,0.0
2020-04-12,Iwate,岩手県,0,0,0.0,0.0
2020-04-12,Miyagi,宮城県,52,50,2.0,0.0
2020-04-12,Akita,秋田県,15,10,5.0,0.0
2020-04-12,Yamagata,山形県,34,34,0.0,0.0
2020-04-12,Fukushima,福島県,38,35,3.0,0.0
2020-04-12,Ibaraki,茨城県,109,97,9.0,3.0
2020-04-12,Tochigi,栃木県,35,30,5.0,0.0
2020-04-12,Gunma,群馬県,90,83,5.0,2.0
2020-04-12,Saitama,埼玉県,386,355,26.0,5.0
2020-04-12,Chiba,千葉県,455,412,39.0,4.0
2020-04-12,Tokyo,東京都,2080,2004,57.0,19.0
2020-04-12,Kanagawa,神奈川県,478,427,44.0,7.0
2020-04-12,Niigata,新潟県,42,18,24.0,0.0
2020-04-12,Toyama,富山県,30,30,0.0,0.0
2020-04-12,Ishikawa,石川県,113,108,5.0,0.0
2020-04-12,Fukui,福井県,88,80,6.0,2.0
2020-04-12,Yamanashi,山梨県,35,33,2.0,0.0
2020-04-12,Nagano,長野県,29,26,3.0,0.0
2020-04-12,Gifu,岐阜県,105,99,5.0,1.0
2020-04-12,Shizuoka,静岡県,41,38,3.0,0.0
2020-04-12,Aichi,愛知県,319,234,63.0,22.0
2020-04-12,Mie,三重県,17,8,9.0,0.0
2020-04-12,Shiga,滋賀県,38,35,3.0,0.0
2020-04-12,Kyoto,京都府,193,157,33.0,3.0
2020-04-12,Osaka,大阪府,812,679,127.0,6.0
2020-04-12,Hyogo,兵庫県,375,303,59.0,13.0
2020-04-12,Nara,奈良県,41,33,8.0,0.0
2020-04-12,Wakayama,和歌山県,34,16,17.0,1.0
2020-04-12,Tottori,鳥取県,1,1,0.0,0.0
2020-04-12,Shimane,島根県,7,7,0.0,0.0
2020-04-12,Okayama,岡山県,16,15,1.0,0.0
2020-04-12,Hiroshima,広島県,56,53,3.0,0.0
2020-04-12,Yamaguchi,山口県,23,20,3.0,0.0
2020-04-12,Tokushima,徳島県,3,0,3.0,0.0
2020-04-12,Kagawa,香川県,8,7,1.0,0.0
2020-04-12,Ehime,愛媛県,30,24,4.0,2.0
2020-04-12,Kochi,高知県,60,46,14.0,0.0
2020-04-12,Fukuoka,福岡県,362,355,7.0,0.0
2020-04-12,Saga,佐賀県,13,12,1.0,0.0
2020-04-12,Nagasaki,長崎県,14,12,2.0,0.0
2020-04-12,Kumamoto,熊本県,28,23,4.0,1.0
2020-04-12,Oita,大分県,42,32,10.0,0.0
2020-04-12,Miyazaki,宮崎県,17,14,3.0,0.0
2020-04-12,Kagoshima,鹿児島県,4,4,0.0,0.0
2020-04-12,Okinawa,沖縄県,66,63,3.0,0.0
2020-04-13,Hokkaido,北海道,272,100,161.0,11.0
2020-04-13,Aomori,青森県,22,18,4.0,0.0
2020-04-13,Iwate,岩手県,0,0,,
2020-04-13,Miyagi,宮城県,54,49,5.0,0.0
2020-04-13,Akita,秋田県,15,10,5.0,0.0
2020-04-13,Yamagata,山形県,35,35,0.0,0.0
2020-04-13,Fukushima,福島県,38,35,3.0,0.0
2020-04-13,Ibaraki,茨城県,110,97,10.0,3.0
2020-04-13,Tochigi,栃木県,36,29,7.0,0.0
2020-04-13,Gunma,群馬県,91,84,5.0,2.0
2020-04-13,Saitama,埼玉県,414,383,26.0,5.0
2020-04-13,Chiba,千葉県,474,431,39.0,4.0
2020-04-13,Tokyo,東京都,2171,2095,57.0,19.0
2020-04-13,Kanagawa,神奈川県,572,505,55.0,12.0
2020-04-13,Niigata,新潟県,42,17,25.0,0.0
2020-04-13,Toyama,富山県,49,48,1.0,0.0
2020-04-13,Ishikawa,石川県,121,116,5.0,0.0
2020-04-13,Fukui,福井県,92,83,7.0,2.0
2020-04-13,Yamanashi,山梨県,35,33,2.0,0.0
2020-04-13,Nagano,長野県,34,30,4.0,0.0
2020-04-13,Gifu,岐阜県,112,106,5.0,1.0
2020-04-13,Shizuoka,静岡県,46,43,3.0,0.0
2020-04-13,Aichi,愛知県,328,242,63.0,23.0
2020-04-13,Mie,三重県,17,6,11.0,0.0
2020-04-13,Shiga,滋賀県,40,35,5.0,0.0
2020-04-13,Kyoto,京都府,205,169,33.0,3.0
2020-04-13,Osaka,大阪府,836,683,147.0,6.0
2020-04-13,Hyogo,兵庫県,384,311,59.0,14.0
2020-04-13,Nara,奈良県,44,36,8.0,0.0
2020-04-13,Wakayama,和歌山県,34,16,17.0,1.0
2020-04-13,Tottori,鳥取県,1,1,0.0,0.0
2020-04-13,Shimane,島根県,8,8,0.0,0.0
2020-04-13,Okayama,岡山県,16,15,1.0,0.0
2020-04-13,Hiroshima,広島県,57,54,3.0,0.0
2020-04-13,Yamaguchi,山口県,24,19,5.0,0.0
2020-04-13,Tokushima,徳島県,3,0,3.0,0.0
2020-04-13,Kagawa,香川県,16,15,1.0,0.0
2020-04-13,Ehime,愛媛県,37,31,4.0,2.0
2020-04-13,Kochi,高知県,60,44,16.0,0.0
2020-04-13,Fukuoka,福岡県,373,366,7.0,0.0
2020-04-13,Saga,佐賀県,13,12,1.0,0.0
2020-04-13,Nagasaki,長崎県,14,12,2.0,0.0
2020-04-13,Kumamoto,熊本県,28,22,5.0,1.0
2020-04-13,Oita,大分県,43,33,10.0,0.0
2020-04-13,Miyazaki,宮崎県,17,14,3.0,0.0
2020-04-13,Kagoshima,鹿児島県,4,4,0.0,0.0
2020-04-13,Okinawa,沖縄県,72,69,3.0,0.0
2020-04-14,Hokkaido,北海道,279,106,161.0,12.0
2020-04-14,Aomori,青森県,22,17,5.0,0.0
2020-04-14,Iwate,岩手県,0,0,0.0,0.0
2020-04-14,Miyagi,宮城県,64,59,5.0,0.0
2020-04-14,Akita,秋田県,16,11,5.0,0.0
2020-04-14,Yamagata,山形県,39,39,0.0,0.0
2020-04-14,Fukushima,福島県,39,36,3.0,0.0
2020-04-14,Ibaraki,茨城県,116,103,10.0,3.0
2020-04-14,Tochigi,栃木県,38,31,7.0,0.0
2020-04-14,Gunma,群馬県,97,90,5.0,2.0
2020-04-14,Saitama,埼玉県,433,399,27.0,7.0
2020-04-14,Chiba,千葉県,490,440,45.0,5.0
2020-04-14,Tokyo,東京都,2332,2254,59.0,19.0
2020-04-14,Kanagawa,神奈川県,594,525,55.0,14.0
2020-04-14,Niigata,新潟県,45,20,25.0,0.0
2020-04-14,Toyama,富山県,54,53,1.0,0.0
2020-04-14,Ishikawa,石川県,131,125,5.0,1.0
2020-04-14,Fukui,福井県,92,82,8.0,2.0
2020-04-14,Yamanashi,山梨県,36,34,2.0,0.0
2020-04-14,Nagano,長野県,35,31,4.0,0.0
2020-04-14,Gifu,岐阜県,127,120,6.0,1.0
2020-04-14,Shizuoka,静岡県,46,43,3.0,0.0
2020-04-14,Aichi,愛知県,338,251,63.0,24.0
2020-04-14,Mie,三重県,19,8,11.0,0.0
2020-04-14,Shiga,滋賀県,51,46,5.0,0.0
2020-04-14,Kyoto,京都府,210,173,34.0,3.0
2020-04-14,Osaka,大阪府,895,736,152.0,7.0
2020-04-14,Hyogo,兵庫県,403,327,61.0,15.0
2020-04-14,Nara,奈良県,47,39,8.0,0.0
2020-04-14,Wakayama,和歌山県,35,17,17.0,1.0
2020-04-14,Tottori,鳥取県,1,1,0.0,0.0
2020-04-14,Shimane,島根県,10,10,0.0,0.0
2020-04-14,Okayama,岡山県,16,15,1.0,0.0
2020-04-14,Hiroshima,広島県,66,63,3.0,0.0
2020-04-14,Yamaguchi,山口県,25,20,5.0,0.0
2020-04-14,Tokushima,徳島県,3,0,3.0,0.0
2020-04-14,Kagawa,香川県,20,19,1.0,0.0
2020-04-14,Ehime,愛媛県,39,33,4.0,2.0
2020-04-14,Kochi,高知県,60,44,16.0,0.0
2020-04-14,Fukuoka,福岡県,403,371,32.0,0.0
2020-04-14,Saga,佐賀県,15,14,1.0,0.0
2020-04-14,Nagasaki,長崎県,14,12,2.0,0.0
2020-04-14,Kumamoto,熊本県,29,23,5.0,1.0
2020-04-14,Oita,大分県,43,30,13.0,0.0
2020-04-14,Miyazaki,宮崎県,17,14,3.0,0.0
2020-04-14,Kagoshima,鹿児島県,4,4,0.0,0.0
2020-04-14,Okinawa,沖縄県,76,73,3.0,0.0
2020-04-15,Hokkaido,北海道,302,128,161.0,13.0
2020-04-15,Aomori,青森県,22,17,5.0,0.0
2020-04-15,Iwate,岩手県,0,0,,
2020-04-15,Miyagi,宮城県,65,59,6.0,0.0
2020-04-15,Akita,秋田県,16,11,5.0,0.0
2020-04-15,Yamagata,山形県,45,45,0.0,0.0
2020-04-15,Fukushima,福島県,40,37,3.0,0.0
2020-04-15,Ibaraki,茨城県,119,104,10.0,5.0
2020-04-15,Tochigi,栃木県,39,32,7.0,0.0
2020-04-15,Gunma,群馬県,107,98,5.0,4.0
2020-04-15,Saitama,埼玉県,479,444,28.0,7.0
2020-04-15,Chiba,千葉県,525,475,45.0,5.0
2020-04-15,Tokyo,東京都,2457,2379,59.0,19.0
2020-04-15,Kanagawa,神奈川県,614,544,55.0,15.0
2020-04-15,Niigata,新潟県,46,21,25.0,0.0
2020-04-15,Toyama,富山県,54,53,1.0,0.0
2020-04-15,Ishikawa,石川県,140,131,5.0,4.0
2020-04-15,Fukui,福井県,100,90,8.0,2.0
2020-04-15,Yamanashi,山梨県,39,37,2.0,0.0
2020-04-15,Nagano,長野県,36,32,4.0,0.0
2020-04-15,Gifu,岐阜県,128,115,12.0,1.0
2020-04-15,Shizuoka,静岡県,47,44,3.0,0.0
2020-04-15,Aichi,愛知県,350,260,66.0,24.0
2020-04-15,Mie,三重県,20,9,11.0,0.0
2020-04-15,Shiga,滋賀県,52,47,5.0,0.0
2020-04-15,Kyoto,京都府,215,175,37.0,3.0
2020-04-15,Osaka,大阪府,969,806,155.0,8.0
2020-04-15,Hyogo,兵庫県,423,347,61.0,15.0
2020-04-15,Nara,奈良県,53,43,9.0,1.0
2020-04-15,Wakayama,和歌山県,37,17,19.0,1.0
2020-04-15,Tottori,鳥取県,1,1,0.0,0.0
2020-04-15,Shimane,島根県,13,13,0.0,0.0
2020-04-15,Okayama,岡山県,16,15,1.0,0.0
2020-04-15,Hiroshima,広島県,67,64,3.0,0.0
2020-04-15,Yamaguchi,山口県,28,23,5.0,0.0
2020-04-15,Tokushima,徳島県,3,0,3.0,0.0
2020-04-15,Kagawa,香川県,20,19,1.0,0.0
2020-04-15,Ehime,愛媛県,40,34,4.0,2.0
2020-04-15,Kochi,高知県,62,46,16.0,0.0
2020-04-15,Fukuoka,福岡県,433,382,45.0,6.0
2020-04-15,Saga,佐賀県,17,16,1.0,0.0
2020-04-15,Nagasaki,長崎県,15,13,2.0,0.0
2020-04-15,Kumamoto,熊本県,31,25,5.0,1.0
2020-04-15,Oita,大分県,50,37,13.0,0.0
2020-04-15,Miyazaki,宮崎県,17,13,4.0,0.0
2020-04-15,Kagoshima,鹿児島県,4,4,0.0,0.0
2020-04-15,Okinawa,沖縄県,86,83,3.0,0.0
2020-04-16,Hokkaido,北海道,336,159,163.0,14.0
2020-04-16,Aomori,青森県,22,17,5.0,0.0
2020-04-16,Iwate,岩手県,0,0,0.0,0.0
2020-04-16,Miyagi,宮城県,75,67,8.0,0.0
2020-04-16,Akita,秋田県,16,11,5.0,0.0
2020-04-16,Yamagata,山形県,50,50,0.0,0.0
2020-04-16,Fukushima,福島県,49,46,3.0,0.0
2020-04-16,Ibaraki,茨城県,123,108,10.0,5.0
2020-04-16,Tochigi,栃木県,42,34,8.0,0.0
2020-04-16,Gunma,群馬県,109,100,5.0,4.0
2020-04-16,Saitama,埼玉県,535,494,32.0,9.0
2020-04-16,Chiba,千葉県,539,482,51.0,6.0
2020-04-16,Tokyo,東京都,2606,2528,59.0,19.0
2020-04-16,Kanagawa,神奈川県,673,602,55.0,16.0
2020-04-16,Niigata,新潟県,47,18,29.0,0.0
2020-04-16,Toyama,富山県,65,63,2.0,0.0
2020-04-16,Ishikawa,石川県,146,137,5.0,4.0
2020-04-16,Fukui,福井県,103,93,8.0,2.0
2020-04-16,Yamanashi,山梨県,43,34,9.0,0.0
2020-04-16,Nagano,長野県,45,41,4.0,0.0
2020-04-16,Gifu,岐阜県,132,115,16.0,1.0
2020-04-16,Shizuoka,静岡県,48,43,5.0,0.0
2020-04-16,Aichi,愛知県,364,274,66.0,24.0
2020-04-16,Mie,三重県,26,14,11.0,1.0
2020-04-16,Shiga,滋賀県,57,48,8.0,1.0
2020-04-16,Kyoto,京都府,225,183,39.0,3.0
2020-04-16,Osaka,大阪府,1021,838,175.0,8.0
2020-04-16,Hyogo,兵庫県,453,373,63.0,17.0
2020-04-16,Nara,奈良県,54,44,9.0,1.0
2020-04-16,Wakayama,和歌山県,38,18,19.0,1.0
2020-04-16,Tottori,鳥取県,1,1,0.0,0.0
2020-04-16,Shimane,島根県,14,14,0.0,0.0
2020-04-16,Okayama,岡山県,18,17,1.0,0.0
2020-04-16,Hiroshima,広島県,118,115,3.0,0.0
2020-04-16,Yamaguchi,山口県,29,24,5.0,0.0
2020-04-16,Tokushima,徳島県,3,0,3.0,0.0
2020-04-16,Kagawa,香川県,21,20,1.0,0.0
2020-04-16,Ehime,愛媛県,41,35,4.0,2.0
2020-04-16,Kochi,高知県,62,43,18.0,1.0
2020-04-16,Fukuoka,福岡県,459,401,52.0,6.0
2020-04-16,Saga,佐賀県,15,14,1.0,0.0
2020-04-16,Nagasaki,長崎県,16,14,2.0,0.0
2020-04-16,Kumamoto,熊本県,31,25,5.0,1.0
2020-04-16,Oita,大分県,50,32,17.0,1.0
2020-04-16,Miyazaki,宮崎県,17,13,4.0,0.0
2020-04-16,Kagoshima,鹿児島県,4,3,1.0,0.0
2020-04-16,Okinawa,沖縄県,86,79,6.0,1.0
2020-04-17,Hokkaido,北海道,370,185,171.0,14.0
2020-04-17,Aomori,青森県,22,17,5.0,0.0
2020-04-17,Iwate,岩手県,0,0,0.0,0.0
2020-04-17,Miyagi,宮城県,79,71,8.0,0.0
2020-04-17,Akita,秋田県,16,11,5.0,0.0
2020-04-17,Yamagata,山形県,58,58,0.0,0.0
2020-04-17,Fukushima,福島県,52,49,3.0,0.0
2020-04-17,Ibaraki,茨城県,131,115,11.0,5.0
2020-04-17,Tochigi,栃木県,44,36,8.0,0.0
2020-04-17,Gunma,群馬県,114,105,5.0,4.0
2020-04-17,Saitama,埼玉県,575,534,32.0,9.0
2020-04-17,Chiba,千葉県,609,549,54.0,6.0
2020-04-17,Tokyo,東京都,2807,2729,59.0,19.0
2020-04-17,Kanagawa,神奈川県,710,639,54.0,17.0
2020-04-17,Niigata,新潟県,53,24,29.0,0.0
2020-04-17,Toyama,富山県,69,67,2.0,0.0
2020-04-17,Ishikawa,石川県,160,151,5.0,4.0
2020-04-17,Fukui,福井県,104,94,8.0,2.0
2020-04-17,Yamanashi,山梨県,46,37,9.0,0.0
2020-04-17,Nagano,長野県,47,43,4.0,0.0
2020-04-17,Gifu,岐阜県,136,118,16.0,2.0
2020-04-17,Shizuoka,静岡県,51,46,5.0,0.0
2020-04-17,Aichi,愛知県,374,284,66.0,24.0
2020-04-17,Mie,三重県,32,20,11.0,1.0
2020-04-17,Shiga,滋賀県,68,57,10.0,1.0
2020-04-17,Kyoto,京都府,235,179,53.0,3.0
2020-04-17,Osaka,大阪府,1076,885,182.0,9.0
2020-04-17,Hyogo,兵庫県,480,400,63.0,17.0
2020-04-17,Nara,奈良県,56,43,12.0,1.0
2020-04-17,Wakayama,和歌山県,39,19,19.0,1.0
2020-04-17,Tottori,鳥取県,1,1,0.0,0.0
2020-04-17,Shimane,島根県,15,15,0.0,0.0
2020-04-17,Okayama,岡山県,18,17,1.0,0.0
2020-04-17,Hiroshima,広島県,124,116,8.0,0.0
2020-04-17,Yamaguchi,山口県,30,25,5.0,0.0
2020-04-17,Tokushima,徳島県,3,0,3.0,0.0
2020-04-17,Kagawa,香川県,24,23,1.0,0.0
2020-04-17,Ehime,愛媛県,41,35,4.0,2.0
2020-04-17,Kochi,高知県,63,44,18.0,1.0
2020-04-17,Fukuoka,福岡県,476,401,66.0,9.0
2020-04-17,Saga,佐賀県,16,15,1.0,0.0
2020-04-17,Nagasaki,長崎県,17,15,2.0,0.0
2020-04-17,Kumamoto,熊本県,35,28,6.0,1.0
2020-04-17,Oita,大分県,54,36,17.0,1.0
2020-04-17,Miyazaki,宮崎県,17,13,4.0,0.0
2020-04-17,Kagoshima,鹿児島県,6,5,1.0,0.0
2020-04-17,Okinawa,沖縄県,101,94,6.0,1.0
2020-04-19,Hokkaido,北海道,434,245,171.0,18.0
2020-04-19,Aomori,青森県,22,16,6.0,0.0
2020-04-19,Iwate,岩手県,0,0,0.0,0.0
2020-04-19,Miyagi,宮城県,83,75,8.0,0.0
2020-04-19,Akita,秋田県,16,11,5.0,0.0
2020-04-19,Yamagata,山形県,61,51,10.0,0.0
2020-04-19,Fukushima,福島県,62,59,3.0,0.0
2020-04-19,Ibaraki,茨城県,139,118,16.0,5.0
2020-04-19,Tochigi,栃木県,46,38,8.0,0.0
2020-04-19,Gunma,群馬県,122,103,14.0,5.0
2020-04-19,Saitama,埼玉県,642,601,32.0,9.0
2020-04-19,Chiba,千葉県,661,582,71.0,8.0
2020-04-19,Tokyo,東京都,3095,3017,59.0,19.0
2020-04-19,Kanagawa,神奈川県,784,694,73.0,17.0
2020-04-19,Niigata,新潟県,56,27,29.0,0.0
2020-04-19,Toyama,富山県,92,87,4.0,1.0
2020-04-19,Ishikawa,石川県,178,169,5.0,4.0
2020-04-19,Fukui,福井県,112,85,23.0,4.0
2020-04-19,Yamanashi,山梨県,49,40,9.0,0.0
2020-04-19,Nagano,長野県,52,48,4.0,0.0
2020-04-19,Gifu,岐阜県,139,120,16.0,3.0
2020-04-19,Shizuoka,静岡県,52,44,8.0,0.0
2020-04-19,Aichi,愛知県,401,310,66.0,25.0
2020-04-19,Mie,三重県,36,24,11.0,1.0
2020-04-19,Shiga,滋賀県,71,60,10.0,1.0
2020-04-19,Kyoto,京都府,251,178,70.0,3.0
2020-04-19,Osaka,大阪府,1212,967,233.0,12.0
2020-04-19,Hyogo,兵庫県,513,431,65.0,17.0
2020-04-19,Nara,奈良県,62,47,14.0,1.0
2020-04-19,Wakayama,和歌山県,46,25,20.0,1.0
2020-04-19,Tottori,鳥取県,3,3,0.0,0.0
2020-04-19,Shimane,島根県,16,16,0.0,0.0
2020-04-19,Okayama,岡山県,19,16,3.0,0.0
2020-04-19,Hiroshima,広島県,132,121,11.0,0.0
2020-04-19,Yamaguchi,山口県,30,19,11.0,0.0
2020-04-19,Tokushima,徳島県,3,0,3.0,0.0
2020-04-19,Kagawa,香川県,25,24,1.0,0.0
2020-04-19,Ehime,愛媛県,45,34,8.0,3.0
2020-04-19,Kochi,高知県,68,49,18.0,1.0
2020-04-19,Fukuoka,福岡県,516,440,66.0,10.0
2020-04-19,Saga,佐賀県,17,16,1.0,0.0
2020-04-19,Nagasaki,長崎県,17,15,2.0,0.0
2020-04-19,Kumamoto,熊本県,39,32,6.0,1.0
2020-04-19,Oita,大分県,54,35,18.0,1.0
2020-04-19,Miyazaki,宮崎県,17,13,4.0,0.0
2020-04-19,Kagoshima,鹿児島県,8,7,1.0,0.0
2020-04-19,Okinawa,沖縄県,110,103,6.0,1.0
2020-04-20,Hokkaido,北海道,451,262,171.0,18.0
2020-04-20,Aomori,青森県,22,13,9.0,0.0
2020-04-20,Iwate,岩手県,0,0,0.0,0.0
2020-04-20,Miyagi,宮城県,84,76,8.0,0.0
2020-04-20,Akita,秋田県,16,11,5.0,0.0
2020-04-20,Yamagata,山形県,64,49,15.0,0.0
2020-04-20,Fukushima,福島県,64,50,14.0,0.0
2020-04-20,Ibaraki,茨城県,143,121,16.0,6.0
2020-04-20,Tochigi,栃木県,49,41,8.0,0.0
2020-04-20,Gunma,群馬県,124,105,14.0,5.0
2020-04-20,Saitama,埼玉県,662,621,32.0,9.0
2020-04-20,Chiba,千葉県,683,598,77.0,8.0
2020-04-20,Tokyo,東京都,3197,3119,59.0,19.0
2020-04-20,Kanagawa,神奈川県,802,695,88.0,19.0
2020-04-20,Niigata,新潟県,56,27,29.0,0.0
2020-04-20,Toyama,富山県,114,104,8.0,2.0
2020-04-20,Ishikawa,石川県,180,162,14.0,4.0
2020-04-20,Fukui,福井県,113,83,26.0,4.0
2020-04-20,Yamanashi,山梨県,49,40,9.0,0.0
2020-04-20,Nagano,長野県,52,46,6.0,0.0
2020-04-20,Gifu,岐阜県,139,112,24.0,3.0
2020-04-20,Shizuoka,静岡県,52,44,8.0,0.0
2020-04-20,Aichi,愛知県,406,313,66.0,27.0
2020-04-20,Mie,三重県,39,27,11.0,1.0
2020-04-20,Shiga,滋賀県,72,58,13.0,1.0
2020-04-20,Kyoto,京都府,259,177,77.0,5.0
2020-04-20,Osaka,大阪府,1297,1051,233.0,13.0
2020-04-20,Hyogo,兵庫県,524,442,65.0,17.0
2020-04-20,Nara,奈良県,64,49,14.0,1.0
2020-04-20,Wakayama,和歌山県,46,25,20.0,1.0
2020-04-20,Tottori,鳥取県,3,3,0.0,0.0
2020-04-20,Shimane,島根県,16,16,0.0,0.0
2020-04-20,Okayama,岡山県,19,15,4.0,0.0
2020-04-20,Hiroshima,広島県,137,125,12.0,0.0
2020-04-20,Yamaguchi,山口県,30,15,15.0,0.0
2020-04-20,Tokushima,徳島県,3,0,3.0,0.0
2020-04-20,Kagawa,香川県,26,25,1.0,0.0
2020-04-20,Ehime,愛媛県,46,34,9.0,3.0
2020-04-20,Kochi,高知県,69,45,22.0,2.0
2020-04-20,Fukuoka,福岡県,524,424,87.0,13.0
2020-04-20,Saga,佐賀県,17,16,1.0,0.0
2020-04-20,Nagasaki,長崎県,17,13,4.0,0.0
2020-04-20,Kumamoto,熊本県,40,32,7.0,1.0
2020-04-20,Oita,大分県,55,35,19.0,1.0
2020-04-20,Miyazaki,宮崎県,17,13,4.0,0.0
2020-04-20,Kagoshima,鹿児島県,10,9,1.0,0.0
2020-04-20,Okinawa,沖縄県,121,107,11.0,3.0
2020-04-21,Hokkaido,北海道,473,273,179.0,21.0
2020-04-21,Aomori,青森県,22,12,10.0,0.0
2020-04-21,Iwate,岩手県,0,0,0.0,0.0
2020-04-21,Miyagi,宮城県,84,70,14.0,0.0
2020-04-21,Akita,秋田県,16,11,5.0,0.0
2020-04-21,Yamagata,山形県,64,47,17.0,0.0
2020-04-21,Fukushima,福島県,64,49,15.0,0.0
2020-04-21,Ibaraki,茨城県,146,123,17.0,6.0
2020-04-21,Tochigi,栃木県,51,43,8.0,0.0
2020-04-21,Gunma,群馬県,131,108,14.0,9.0
2020-04-21,Saitama,埼玉県,681,639,32.0,10.0
2020-04-21,Chiba,千葉県,704,613,80.0,11.0
2020-04-21,Tokyo,東京都,3320,3242,59.0,19.0
2020-04-21,Kanagawa,神奈川県,816,706,91.0,19.0
2020-04-21,Niigata,新潟県,58,26,32.0,0.0
2020-04-21,Toyama,富山県,115,105,8.0,2.0
2020-04-21,Ishikawa,石川県,190,168,17.0,5.0
2020-04-21,Fukui,福井県,118,88,26.0,4.0
2020-04-21,Yamanashi,山梨県,50,41,9.0,0.0
2020-04-21,Nagano,長野県,54,48,6.0,0.0
2020-04-21,Gifu,岐阜県,140,111,24.0,5.0
2020-04-21,Shizuoka,静岡県,53,41,12.0,0.0
2020-04-21,Aichi,愛知県,422,329,66.0,27.0
2020-04-21,Mie,三重県,41,29,11.0,1.0
2020-04-21,Shiga,滋賀県,76,62,13.0,1.0
2020-04-21,Kyoto,京都府,264,172,86.0,6.0
2020-04-21,Osaka,大阪府,1351,1083,253.0,15.0
2020-04-21,Hyogo,兵庫県,546,464,65.0,17.0
2020-04-21,Nara,奈良県,73,58,14.0,1.0
2020-04-21,Wakayama,和歌山県,47,24,22.0,1.0
2020-04-21,Tottori,鳥取県,3,3,0.0,0.0
2020-04-21,Shimane,島根県,16,16,0.0,0.0
2020-04-21,Okayama,岡山県,19,15,4.0,0.0
2020-04-21,Hiroshima,広島県,138,126,12.0,0.0
2020-04-21,Yamaguchi,山口県,31,16,15.0,0.0
2020-04-21,Tokushima,徳島県,5,2,3.0,0.0
2020-04-21,Kagawa,香川県,26,25,1.0,0.0
2020-04-21,Ehime,愛媛県,47,35,9.0,3.0
2020-04-21,Kochi,高知県,69,45,22.0,2.0
2020-04-21,Fukuoka,福岡県,539,439,87.0,13.0
2020-04-21,Saga,佐賀県,17,16,1.0,0.0
2020-04-21,Nagasaki,長崎県,17,12,5.0,0.0
2020-04-21,Kumamoto,熊本県,41,33,7.0,1.0
2020-04-21,Oita,大分県,60,40,19.0,1.0
2020-04-21,Miyazaki,宮崎県,17,13,4.0,0.0
2020-04-21,Kagoshima,鹿児島県,10,8,2.0,0.0
2020-04-21,Okinawa,沖縄県,125,111,11.0,3.0
